Notes:
"When exporting your connection data, you may notice that some of the email addresses are missing. You will only see email addresses for connections who have allowed their connections to see or download their email address using this setting https://www.linkedin.com/psettings/privacy/email. You can learn more here https://www.linkedin.com/help/linkedin/answer/261"

First Name,Last Name,Email Address,Company,Position,Connected On
Aleksandr,Suprun,,Appello Software (Full-service mobile & web software development),DevOps Engineer,16 May 2023
Jyoti ,Singh,,SJIT MANAGEMENT PRIVATE LIMITED,Co-Founder,12 May 2023
Navita,Bhatia,,Studio45 Creations,Human Resources Executive,11 May 2023
Umesh,Dutt,,"infoAnalytica, Inc.",Research Associate,10 May 2023
Vane,Quero,,Softgic,Auxiliar administrativo,10 May 2023
Raju,Kumar,,Baba Banda Singh Bahadur Engineering College,Regular,09 May 2023
saloni,mogha,,E-Solutions,Human Resources Executive Recruitment,08 May 2023
JITENDRA,MAURYA,,Penguin Technology,Sr. DevOps Engineer,08 May 2023
Kamini(Kruti),Chauhan,,DRC Systems,Human Resources Executive,08 May 2023
Mudra,Bhandari,,Jio,Android App Developer ,08 May 2023
Parag,Sharma,,None,Student,06 May 2023
Sunil,Kumar,,Nagarro,Senior Engineer,06 May 2023
Aastha,chaudhary,,Aditi Consulting,Technical Recruiter,06 May 2023
Sumit,Sethi,,HCL Technologies,Global Practice Head - Azure (Cloud Engineering),06 May 2023
Dhirendra,Kumar,,Freelance,IT Manager,06 May 2023
Ediga Basavan,Gowd,,Kaleyra,Software Automation Engineer,06 May 2023
Sampurna,Roy,,,,06 May 2023
Sandeep,Kaur,,Mobile Programming LLC,Talent Acquisition Specialist,06 May 2023
Arghya,Chakraborty ,,PwC India,Senior Associate,06 May 2023
Manpreet,Singh,,,,05 May 2023
Pravin ,Kumar ,,,,05 May 2023
ADIL,.,,Human Before Resource Private Limited,Founder,04 May 2023
Vaishu,Arora,,Suesys Recruitment's,Human Resources Consultant,01 May 2023
Jyoti,Thakur,,Techwin Labs LLP,Management Trainee Human Resources,28 Apr 2023
Ashish,Singh Sengar,,TechElectronics India ,Business Owner,25 Apr 2023
Amit,kumar,,Gyan,Java Developer,23 Apr 2023
Provyn,S,,netRMM,Founder,22 Apr 2023
Meennu,Jaiswal ⚡,meennujaiswal@gmail.com,Accolite Digital,Associate Technical Delivery Manager,19 Apr 2023
Amit,Kumar,,Discoveries Quintessential,Business and Operations ,18 Apr 2023
Swati,Singh,,EduGorilla,Technical Recruiter,17 Apr 2023
Saurav,Sharma,,Python Software Foundation,PSF member,14 Apr 2023
Saiprasad,Kagne,,Ronnie Dog Media,Cricket Data Analyst,14 Apr 2023
Roushan,Kumar,,,,01 Apr 2023
IRFAN,MANSURI,,Qualcomm,SWE,24 Mar 2023
Ranjeet,Singh,,Friend Union for Energising Lives (FUEL),Friend Union for Energising Lives (FUEL) Trainee,24 Mar 2023
Yash,.,,BlackRock,Intern,25 Jan 2023
mansi,tyagi,,RD Engineering College,Student,01 Dec 2022
Karam jot,Singh,,Epsilon Solutions Ltd.,Technical Recruiter,01 Dec 2022
Amit kumar,sinha,,,,30 Nov 2022
Akhilesh,A,,ZOOP.ONE,Junior Developer,29 Nov 2022
Tom,P Varghese,,Saaksan Technologies Private Limited,Application Engineer,29 Nov 2022
Priyadharshini,Vignesh,,AGS Health,Servicenow Admin,29 Nov 2022
Bhaskar,Kawad,,DxSherpa Technologies,ServiceNow Developer,28 Nov 2022
ASWIN,KRISHNA TS,,PhysioAI,Software Engineer,28 Nov 2022
Noor,Dhiman,,Desh Bhagat University,Human Resources Executive,28 Nov 2022
Varinder,Singh,,Sonalika Agro solutions ,Internship Trainee,08 Nov 2022
Umar,Mehraj,,ClustTech Innovations Srinagar,Mobile Application Developer/ Backend Developer,06 Nov 2022
Sukhdeep,Singh,,Tata Consultancy Services,System Engineer,04 Nov 2022
Honey,Sharma,,Dell Technologies,Customer eXperience Engineer,20 Oct 2022
Gurmeet,Singh,,,,10 Oct 2022
Navdeep,Singh,,Jubilant FoodWorks Ltd.,Technical Lead,09 Oct 2022
Rahul,Raj,,Vorps Technologies,Flutter Developer,06 Oct 2022
Kuljeet,Kaur,,Evora IT Solutions,Consultant,05 Oct 2022
Amanpreet,kour,,Accenture,Lead Application Developer,02 Oct 2022
Deepika,Bhralaya,,tecHindustan,Mobile Application Developer | Flutter Developer,02 Oct 2022
Kishan,Vaghasiya ,,NexusLink Services India Pvt Ltd,iOS Developer,02 Sep 2022
Shrikant R.,Kahare,,Tata Consultancy Services,Assistant System Engineer | Servicenow Developer ,19 Aug 2022
Issac ,Raja Sekar,,Firebee Techo services pvt ltd,Full-stack Developer,15 Aug 2022
ajit,yadav,,Shivam Education Trust,Director,23 May 2022
Rahul,Singh,,AbsoluteIT,Lead Talent Acquisition Specialist,23 Feb 2022
Shresha,Das,,Amazon Web Services (AWS),SDE intern,17 Feb 2022
Amit,Ghadge,,Parallel Wireless,Senior Director Product Manager,08 Feb 2022