Source,FirstName,LastName,Companies,Title,Emails,PhoneNumbers,CreatedAt,Addresses,Sites,InstantMessageHandles,FullName,Birthday,Location,BookmarkedAt,Profiles
MOBILE_CONTACTS,Jagpinder Singh,Gaurd,,,," +91 95015 12592, +919501512592","11/27/22, 7:56 PM","Punjab, India State:Punjab Country:India Type:College Gaurd Primary:No",,,,,,,
MOBILE_CONTACTS,Amlesh Home,Chaurasiya,,,, +91 98524 39432,"11/11/22, 10:23 AM","Bihar, India State:Bihar Country:India Type:HOME Primary:No",,,,,,,
MOBILE_CONTACTS,Dell My,St S,,,," +91 98395 69955, +919839569955","10/27/22, 6:27 AM","Uttar Pradesh East, India State:Uttar Prades Country:India Type:HOME Primary:No",,,,,,,
MOBILE_CONTACTS,Suraj,Mukesh,,,rai378483@gmail.com," +91 76448 21536, +917644821536","10/19/22, 8:48 PM","Bihar, India State:Bihar Country:India Type:HOME Primary:No",,,,,,,
MOBILE_CONTACTS,Aryan,Home,,,aryanrajsrivastava62061@gmail.com," +91 81024 10182, +918102410182","10/19/22, 8:48 PM","Bihar, India State:Bihar Country:India Type:HOME Primary:No",,,,,,,
MOBILE_CONTACTS,Prince Bhiya,Bhiya,,,," +91 6284 376 508, +916284376508","10/4/22, 8:01 PM",,,,,,,,
MOBILE_CONTACTS,Anuj cse,cse,,,," +91 75190 10642, +917519010642","10/1/22, 9:56 PM","Bihar, India State:Bihar Country:India Type:HOME Primary:No",,,,,,,
MOBILE_CONTACTS,Gurpreet shop,shop,,,," +91 94170 16732, +919417016732","9/21/22, 6:20 AM",,,,,,,,
MOBILE_CONTACTS,Saurabh Shuman,Shuman,,,,"74797 21258, 7479721258","9/19/22, 8:22 AM",,,,,,,,
MOBILE_CONTACTS,Sonu,Ghar,,,,"77669 46891, 7766946891","9/6/22, 11:22 PM",,,,,,,,
MOBILE_CONTACTS,Hiiiii,,,,,"62834 20780, 6283420780","9/6/22, 11:22 PM",,,,,,,,
MOBILE_CONTACTS,Sonu Papa,Papa,,,," +91 90067 77154, +919006777154","9/6/22, 11:22 PM",,,,,,,,
MOBILE_CONTACTS,Anup. patail,patail,,,,"9793817232, 979-381-7232","9/3/22, 3:36 AM",,,,,,,,
MOBILE_CONTACTS,Glas,,,,,76657 77147,"8/29/22, 8:40 AM",,,,,,,,
MOBILE_CONTACTS,Pinkey Friend,,,,, +91 95076 38665,"8/29/22, 8:40 AM",,,,,,,,
MOBILE_CONTACTS,Ramjanam,Yadev,,,ramjanamyadav6304@gmail.com, +916303409865,"8/14/22, 6:26 PM",,,,,,,,
MOBILE_CONTACTS,Hoornar,Kaur,,,harnoorkhehra28@gmail.com, +917740018361,"8/14/22, 6:26 PM",,,,,,,,
MOBILE_CONTACTS,Bits Computer Education Smiti,Mam,,,BITSGKP371@gmail.com,"941-545-8326, 9415458326","8/14/22, 6:26 PM",,,,,,,,
MOBILE_CONTACTS,Doctor Lakhwinder,Singh,,,principal@bbsbec.ac.in, +919814508213,"8/14/22, 6:26 PM",,,,,,,,
MOBILE_CONTACTS,Rahul Bihar,Bihar,,,," +916299272716, +919608939345","8/14/22, 6:26 PM",,,,,,,,
MOBILE_CONTACTS,Arjun,Mama,,,, +917782844739,"8/14/22, 6:26 PM",,,,,,,,
MOBILE_CONTACTS,Digital,Marketing,,,," +91 93158 97028, +919315897028","8/14/22, 6:26 PM",,,,,,,,
MOBILE_CONTACTS,kmalish,jaishal,,,,959-880-5460,"8/14/22, 6:26 PM",,,,,,,,
MOBILE_CONTACTS,Mnjesh,,,,, +919118895607,"8/14/22, 6:26 PM",,,,,,,,
MOBILE_CONTACTS,p,,,,, +916391760833,"8/14/22, 6:26 PM",,,,,,,,
MOBILE_CONTACTS,hii,,,,,"812-742-7545, +918299373712, 8127427545","8/14/22, 6:26 PM",,,,,,,,
MOBILE_CONTACTS,cdpo,,,,, +919450428591,"8/14/22, 6:26 PM",,,,,,,,
MOBILE_CONTACTS,c,,,,, +916264673045,"8/14/22, 6:26 PM",,,,,,,,
MOBILE_CONTACTS,b,,,,, +919205840935,"8/14/22, 6:26 PM",,,,,,,,
MOBILE_CONTACTS,Vivek Patel,H,,,, +917905451058,"8/14/22, 6:26 PM",,,,,,,,
MOBILE_CONTACTS,Raj,Pandey,,,, +916393447803,"8/14/22, 6:26 PM",,,,,,,,
MOBILE_CONTACTS,Raj,Aalm,,,, +919519495620,"8/14/22, 6:26 PM",,,,,,,,
MOBILE_CONTACTS,Rahul,St,,,, +918409761526,"8/14/22, 6:26 PM",,,,,,,,
MOBILE_CONTACTS,Rahman Machebical,Machebical,,,,"798-606-5198, 7986065198","8/14/22, 6:26 PM",,,,,,,,
MOBILE_CONTACTS,RAJESA,YADAVE,,,, +917355306042,"8/14/22, 6:26 PM",,,,,,,,
MOBILE_CONTACTS,Prince 🤴 Singh,Singh,,,,"950-146-1377, 9501461377","8/14/22, 6:26 PM",,,,,,,,
MOBILE_CONTACTS,Prince,Bhai,,,, +919369352078,"8/14/22, 6:26 PM",,,,,,,,
MOBILE_CONTACTS,Premsila,,,,,"983-819-8605, 9838198605","8/14/22, 6:26 PM",,,,,,,,
MOBILE_CONTACTS,Prag,Sharma,,,, +918427615067,"8/14/22, 6:26 PM",,,,,,,,
MOBILE_CONTACTS,Pradeep,Kaur,,,,"987-272-8203, 9872728203","8/14/22, 6:26 PM",,,,,,,,
MOBILE_CONTACTS,Prabhjot Kaur 1301,1301,,,," +91 98886 90431, +919888690431","8/14/22, 6:26 PM",,,,,,,,
MOBILE_CONTACTS,Phiroj,Tb,,,,"778-182-4081, 7781824081","8/14/22, 6:26 PM",,,,,,,,
MOBILE_CONTACTS,Perminder Kaur,Mam,,,, +916283978476,"8/14/22, 6:26 PM",,,,,,,,
MOBILE_CONTACTS,Pankj,sir,,,, +919125431854,"8/14/22, 6:26 PM",,,,,,,,
MOBILE_CONTACTS,Pandit,Mess,,,,"884-749-0397, 8847490397","8/14/22, 6:26 PM",,,,,,,,
MOBILE_CONTACTS,PRAVINDER,FR,,,, +919781085694,"8/14/22, 6:26 PM",,,,,,,,
MOBILE_CONTACTS,Noor,Alam,,,,"799-090-7945, 7990907945","8/14/22, 6:26 PM",,,,,,,,
MOBILE_CONTACTS,Nities Cse,college,,,,"725-060-0789, 7250600789","8/14/22, 6:26 PM",,,,,,,,
MOBILE_CONTACTS,Niraj,Kumar,,,,"829-435-4578, 8294354578","8/14/22, 6:26 PM",,,,,,,,
MOBILE_CONTACTS,Naseeb,C,,,, +916202679709,"8/14/22, 6:26 PM",,,,,,,,
MOBILE_CONTACTS,Murli,Bheya,,,,"775-295-1489, 7752951489","8/14/22, 6:26 PM",,,,,,,,
MOBILE_CONTACTS,Mohit cse,cse,,,, +918809231066,"8/14/22, 6:26 PM",,,,,,,,
MOBILE_CONTACTS,Kausal Cse,Cse,,,, +919304670014,"8/14/22, 6:26 PM",,,,,,,,
MOBILE_CONTACTS,Minesh,Sachan,,,, +919616175690,"8/14/22, 6:26 PM",Uttar Prades India State:Uttar Prades Country:India Type:HOME Primary:No,,,,,,,
MOBILE_CONTACTS,Mess baj,singh,,,,"978-138-1277, 9781381277","8/14/22, 6:26 PM",,,,,,,,
MOBILE_CONTACTS,Mehzabeen,Kaur,,,, +919501185533,"8/14/22, 6:26 PM",,,,,,,,
MOBILE_CONTACTS,Manish,Gupta,,,, +917521076503,"8/14/22, 6:26 PM",,,,,,,,
MOBILE_CONTACTS,Mam,,,,, +919450976788,"8/14/22, 6:26 PM",,,,,,,,
MOBILE_CONTACTS,MD,Arfat,,,, +917782048443,"8/14/22, 6:26 PM",,,,,,,,
MOBILE_CONTACTS,Luddo,Bheya,,,, +918127135554,"8/14/22, 6:26 PM",,,,,,,,
MOBILE_CONTACTS,Laptop sale,sale,,,, +917340851728,"8/14/22, 6:26 PM",,,,,,,,
MOBILE_CONTACTS,Kusumlata,,,,,"062-034-36158, 06203436158","8/14/22, 6:26 PM",,,,,,,,
MOBILE_CONTACTS,Kunal,Bhai,,,, +916203423907,"8/14/22, 6:26 PM",,,,,,,,
MOBILE_CONTACTS,Krishna,Cafe,,,,"988-808-4672, 9888084672","8/14/22, 6:26 PM",,,,,,,,
MOBILE_CONTACTS,Kittu Editing,Editing,,,,"901-630-0975, 9016300975","8/14/22, 6:26 PM",,,,,,,,
MOBILE_CONTACTS,Khania,,,,, +916204902758,"8/14/22, 6:26 PM",,,,,,,,
MOBILE_CONTACTS,Kausar,Ansari,,,, +919115025801,"8/14/22, 6:26 PM",,,,,,,,
MOBILE_CONTACTS,Jione,Singh,,,," +91 62394 40261, +916239440261","8/14/22, 6:26 PM",,,,,,,,
MOBILE_CONTACTS,Jhunjhun,Pandey,,,, +918795262698,"8/14/22, 6:26 PM",,,,,,,,
MOBILE_CONTACTS,Jasswinder Mam,Mam,,,, +918146340296,"8/14/22, 6:26 PM",,,,,,,,
MOBILE_CONTACTS,Jasdeep,Depot,,,, +919815592873,"8/14/22, 6:26 PM",,,,,,,,
MOBILE_CONTACTS,Himanshu Thakur,Thakur,,,,"96824 15701, 9682415701","8/14/22, 6:26 PM",,,,,,,,
MOBILE_CONTACTS,Hii,ji,,,, +916283053818,"8/14/22, 6:26 PM",,,,,,,,
MOBILE_CONTACTS,Guruji 12,,,,,626-487-8312,"8/14/22, 6:26 PM",,,,,,,,
MOBILE_CONTACTS,Golde,Mame,,,, +919565464115,"8/14/22, 6:26 PM",,,,,,,,
MOBILE_CONTACTS,Fly High Coaching,Centre,,,,"93011 97409, 9301197409","8/14/22, 6:26 PM",,,,,,,,
MOBILE_CONTACTS,Fi,,,,,"95467 90106, 9546790106","8/14/22, 6:26 PM",,,,,,,,
MOBILE_CONTACTS,Easrae,Ansari,,,, +917522073302,"8/14/22, 6:26 PM",,,,,,,,
MOBILE_CONTACTS,Dinesh,Hb,,,, +917007338655,"8/14/22, 6:26 PM",,,,,,,,
MOBILE_CONTACTS,Dharmender,Sir,,,, +917903009109,"8/14/22, 6:26 PM",,,,,,,,
MOBILE_CONTACTS,Amarjeet,2,,,, +918360370876,"8/14/22, 6:26 PM",,,,,,,,
MOBILE_CONTACTS,संजय,2,,,, +917267043901,"8/14/22, 6:26 PM",,,,,,,,
MOBILE_CONTACTS,Gskj,,,,,"808-136-6298, 8081366298","8/14/22, 6:26 PM",,,,,,,,
MOBILE_CONTACTS,,,,,,993-594-6589,"8/14/22, 6:26 PM",,,,,,,,
MOBILE_CONTACTS,,,,,, +911408430060,"8/14/22, 6:26 PM",,,,,,,,
MOBILE_CONTACTS,संजययादव,,,,, +919956226067,"8/14/22, 6:26 PM",,,,,,,,
MOBILE_CONTACTS,संजय,,,,, +919721098470,"8/14/22, 6:26 PM",,,,,,,,
MOBILE_CONTACTS,रामबेलाश,जयश,,,, +919793582541,"8/14/22, 6:26 PM",,,,,,,,
MOBILE_CONTACTS,राकेश,ज0,,,, +917398204641,"8/14/22, 6:26 PM",,,,,,,,
MOBILE_CONTACTS,मुना,ज0,,,, +918795420086,"8/14/22, 6:26 PM",,,,,,,,
MOBILE_CONTACTS,Aryan,Sirwashato,,,, +916206131441,"8/14/22, 6:26 PM",,,,,,,,
MOBILE_CONTACTS,Ankit,2,,,, +919696371642,"8/14/22, 6:26 PM",,,,,,,,
MOBILE_CONTACTS,Ankit,Mishra,,,,"857-420-2727, 8574202727","8/14/22, 6:26 PM",,,,,,,,
MOBILE_CONTACTS,Anjalikumari,,,,, +919199053628,"8/14/22, 6:26 PM",,,,,,,,
MOBILE_CONTACTS,Anil,N2,,,, +918382067622,"8/14/22, 6:26 PM",,,,,,,,
MOBILE_CONTACTS,Anil,N,,,, +916394663347,"8/14/22, 6:26 PM",,,,,,,,
MOBILE_CONTACTS,Anil,2,,,,"983-942-8566, 9839428566","8/14/22, 6:26 PM",,,,,,,,
MOBILE_CONTACTS,Anil,Dumriya,,,, +917993180954,"8/14/22, 6:26 PM",,,,,,,,
MOBILE_CONTACTS,Amrjit,,,,, +917388197411,"8/14/22, 6:26 PM",,,,,,,,
MOBILE_CONTACTS,Amit,Kumar,,,, +917080184862,"8/14/22, 6:26 PM",Uttar Prades India State:Uttar Prades Country:India Type:HOME Primary:No,,,,,,,
MOBILE_CONTACTS,Amarjeet,Sir,,,,"981-495-4300, 9814954300","8/14/22, 6:26 PM",,,,,,,,
MOBILE_CONTACTS,Amarjeet,Bihar,,,, +917016652102,"8/14/22, 6:26 PM",,,,,,,,
MOBILE_CONTACTS,Akash Bhai,2,,,, +918271993171,"8/14/22, 6:26 PM",,,,,,,,
MOBILE_CONTACTS,Ajit Kumar,Kumar,,,, +919519507731,"8/14/22, 6:26 PM",,,,,,,,
MOBILE_CONTACTS,Ajay,Home,,,, +916387318651,"8/14/22, 6:26 PM",,,,,,,,
MOBILE_CONTACTS,Abhi,,,,,"911-257-9614, 9112579614","8/14/22, 6:26 PM",,,,,,,,
MOBILE_CONTACTS,Abhay,Personal,,,, +919142248408,"8/14/22, 6:26 PM",,,,,,,,
MOBILE_CONTACTS, +916306996259,,,,, +916306996259,"8/14/22, 6:26 PM",,,,,,,,
MOBILE_CONTACTS, +91,78492,,,, +919122378492,"8/14/22, 6:26 PM",,,,,,,,
MOBILE_CONTACTS,e,,,,,977-001-3440,"8/14/22, 6:26 PM",,,,,,,,
MOBILE_CONTACTS,Arjun,(Mama),,,, +916204727179,"8/14/22, 6:26 PM",,,,,,,,
MOBILE_CONTACTS,Anand,,,,," +917460968348, +91 75259 24684, +917525924684","8/14/22, 6:26 PM","Uttar Pradesh East, India Country:India Type:HOME Primary:No",,,,,,,
MOBILE_CONTACTS,Sikhchandra,,,,," +65 9123 2246, +6591232246","8/14/22, 6:26 PM",,,,,,,,
MOBILE_CONTACTS,Mukesh Bhia,2,,,, +918987252026,"8/14/22, 6:26 PM",,,,,,,,
MOBILE_CONTACTS,Vikash,,,,, +916202358869,"8/14/22, 6:26 PM",,,,,,,,
MOBILE_CONTACTS,Uday,Saha,,,," +917982883229, +91 79828 83229","8/14/22, 6:26 PM",,,,,,,,
MOBILE_CONTACTS,Rohit,Kumar,,,," +919304318462, +91 93043 18462","8/14/22, 6:26 PM",,,,,,,,
MOBILE_CONTACTS,Amrjeet,,,,,"735-573-2655, 7355732655","8/14/22, 6:26 PM",,,,,,,,
MOBILE_CONTACTS,Roshan,Bhai,,,, +917759839438,"8/14/22, 6:26 PM",,,,,,,,
MOBILE_CONTACTS,Ahamad,Bhai,,,, +917209112294,"8/14/22, 6:26 PM",,,,,,,,
MOBILE_CONTACTS,Sakti,Bbsbec,,,,"946-368-1370, 9463681370","8/14/22, 6:26 PM",,,,,,,,
MOBILE_CONTACTS,Message,,,,,"981-474-4303, 9814744303","8/14/22, 6:26 PM",,,,,,,,
MOBILE_CONTACTS,Sandeep College,College,,,, +918507302001,"8/14/22, 6:26 PM",,,,,,,,
MOBILE_CONTACTS,MD,masoom,,,, +919264442119,"8/14/22, 6:26 PM",,,,,,,,
MOBILE_CONTACTS,Akash,Bhai,,,, +916204704134,"8/14/22, 6:26 PM",,,,,,,,
MOBILE_CONTACTS,Manish,College,,,," +917461827879, +916206007451","8/14/22, 6:26 PM",,,,,,,,
MOBILE_CONTACTS,Aryan,Home,,,,"810-241-0182, 8102410182","8/14/22, 6:26 PM",,,,,,,,
MOBILE_CONTACTS,Amlesh,Kumar,,,, +917250263923,"8/14/22, 6:26 PM",,,,,,,,
MOBILE_CONTACTS,Dependr,B,,,, +918271900625,"8/14/22, 6:26 PM",,,,,,,,
MOBILE_CONTACTS,Sir,2,,,, +919919965222,"8/14/22, 6:26 PM",,,,,,,,
MOBILE_CONTACTS,Saurav,New,,,, +919309160887,"8/14/22, 6:26 PM",,,,,,,,
MOBILE_CONTACTS,Prince,Kt,,,," +918853148236, +917880470156","8/14/22, 6:26 PM",,,,,,,,
MOBILE_CONTACTS,Manish Kashyap ,,,,, +91 97099 20218,"8/14/22, 6:26 PM",,,,,,,,
MOBILE_CONTACTS,u,,,,, +917235086027,"8/14/22, 6:26 PM",,,,,,,,
MOBILE_CONTACTS,Arjun,New,,,, +919646542548,"8/14/22, 6:26 PM",,,,,,,,
MOBILE_CONTACTS,P,2,,,, +919140169034,"8/14/22, 6:26 PM",,,,,,,,
MOBILE_CONTACTS,Aanand,*,,,,"812-733-2035, 8127332035","8/14/22, 6:26 PM",,,,,,,,
MOBILE_CONTACTS,Sudhir,New,,,,"80195 36211, 8019536211","8/14/22, 6:26 PM",,,,,,,,
MOBILE_CONTACTS,Shambhu,Yadav,,,,"951-968-2613, 9519682613","8/14/22, 6:26 PM",,,,,,,,
MOBILE_CONTACTS,Gh,,,,,734-708-0934,"8/14/22, 6:26 PM",,,,,,,,
MOBILE_CONTACTS,Mannu,Mishra,,,,"737-952-8743, 7379528743","8/14/22, 6:26 PM",,,,,,,,
MOBILE_CONTACTS,Manish2,,,,, +919555177059,"8/14/22, 6:26 PM",,,,,,,,
MOBILE_CONTACTS,Mandeep,Mam,,,, +919855031906,"8/14/22, 6:26 PM",,,,,,,,
MOBILE_CONTACTS,Mahendra Text,,,,,914-595-8221,"8/14/22, 6:26 PM",,,,,,,,
MOBILE_CONTACTS,Lakhvir,Sir,,,,"887-203-5205, 8872035205","8/14/22, 6:26 PM",,,,,,,,
MOBILE_CONTACTS,Kunti,,,,, +918127225162,"8/14/22, 6:26 PM",,,,,,,,
MOBILE_CONTACTS,Kotak,Pous,,,,"736-702-3426, 7367023426","8/14/22, 6:26 PM",,,,,,,,
MOBILE_CONTACTS,Kj,,,,,707-808-3979,"8/14/22, 6:26 PM",,,,,,,,
MOBILE_CONTACTS,Kanaya,,,,, +917462850995,"8/14/22, 6:26 PM",,,,,,,,
MOBILE_CONTACTS,Jaskarn,Fr,,,, +919592845105,"8/14/22, 6:26 PM",,,,,,,,
MOBILE_CONTACTS,Jasdeep,🛍,,,, +919888151656,"8/14/22, 6:26 PM",,,,,,,,
MOBILE_CONTACTS,Jamar,Sir,,,,"967-044-8385, 9670448385","8/14/22, 6:26 PM",,,,,,,,
MOBILE_CONTACTS,Jaiswal,Ji,,,, +916307681976,"8/14/22, 6:26 PM",,,,,,,,
MOBILE_CONTACTS,IT,Care,,,, +919304034186,"8/14/22, 6:26 PM",,,,,,,,
MOBILE_CONTACTS,Istiyak,Ansari,,,, +918081830866,"8/14/22, 6:26 PM",,,,,,,,
MOBILE_CONTACTS,Indian,Gass,,,,"945-047-7049, 9450477049","8/14/22, 6:26 PM",,,,,,,,
MOBILE_CONTACTS,Imtiyaj,Ali,,,,"930-478-5340, 9304785340","8/14/22, 6:26 PM",,,,,,,,
MOBILE_CONTACTS,Gurpreet,Laptop,,,, +917973194075,"8/14/22, 6:26 PM",,,,,,,,
MOBILE_CONTACTS,Gurminder,,,,,"727-000-3950, 7270003950","8/14/22, 6:26 PM",,,,,,,,
MOBILE_CONTACTS,Gulam,,,,, +919936862914,"8/14/22, 6:26 PM",,,,,,,,
MOBILE_CONTACTS,Grue,G,,,,"9956532204, 995-653-2204","8/14/22, 6:26 PM",,,,,,,,
MOBILE_CONTACTS,Gigolo,,,,,735-417-8508,"8/14/22, 6:26 PM",,,,,,,,
MOBILE_CONTACTS,Gaytri,Mose,,,, +919537063519,"8/14/22, 6:26 PM",,,,,,,,
MOBILE_CONTACTS,Dout,Hunt,,,,"840-040-0400, 8400400400","8/14/22, 6:26 PM",,,,,,,,
MOBILE_CONTACTS,District,,,,,639-218-6185,"8/14/22, 6:26 PM",,,,,,,,
MOBILE_CONTACTS,Dinesh,Bheya,,,,"985-253-4788, 9852534788","8/14/22, 6:26 PM",,,,,,,,
MOBILE_CONTACTS,Dimp,,,,, +916299186459,"8/14/22, 6:26 PM",,,,,,,,
MOBILE_CONTACTS,Dibyansu,,,,,"967-032-0577, 9670320577","8/14/22, 6:26 PM",,,,,,,,
MOBILE_CONTACTS,Dhirg,,,,,"638-803-2982, 6388032982","8/14/22, 6:26 PM",,,,,,,,
MOBILE_CONTACTS,Dhanu,Bhiya,,,, +919369849994,"8/14/22, 6:26 PM",,,,,,,,
MOBILE_CONTACTS,Darwara,Sir,,,, +919464241233,"8/14/22, 6:26 PM",,,,,,,,
MOBILE_CONTACTS,Court ,,,,,928-937-6667,"8/14/22, 6:26 PM",,,,,,,,
MOBILE_CONTACTS,Com,,,,,"917-066-3834, 9170663834","8/14/22, 6:26 PM",,,,,,,,
MOBILE_CONTACTS,Chotu,Shiv,,,, +919739683084,"8/14/22, 6:26 PM",,,,,,,,
MOBILE_CONTACTS,Chintu,Bhai,,,, +917765853449,"8/14/22, 6:26 PM",,,,,,,,
MOBILE_CONTACTS,Chandan,Thakur,,,,"626-866-3051, 6268663051","8/14/22, 6:26 PM",,,,,,,,
MOBILE_CONTACTS,Chandan,Jaiswal,,,,"752-104-7803, 7521047803","8/14/22, 6:26 PM",,,,,,,,
MOBILE_CONTACTS,Cb,,,,,"835-501-9684, 8355019684","8/14/22, 6:26 PM",,,,,,,,
MOBILE_CONTACTS,C++,,,,,"947-835-3451, 9478353451","8/14/22, 6:26 PM",,,,,,,,
MOBILE_CONTACTS,C,,,,,"901-315-1515, 9013151515","8/14/22, 6:26 PM",,,,,,,,
MOBILE_CONTACTS,Buddy4study,Scholarship,,,,"958-276-2639, 9582762639","8/14/22, 6:26 PM",,,,,,,,
MOBILE_CONTACTS,Brother,,,,, +917007856241,"8/14/22, 6:26 PM",,,,,,,,
MOBILE_CONTACTS,Birjesh,2,,,, +919576879428,"8/14/22, 6:26 PM",,,,,,,,
MOBILE_CONTACTS,Birjesh,Bhai,,,, +919771156993,"8/14/22, 6:26 PM",,,,,,,,
MOBILE_CONTACTS,Bhola,,,,,"945-295-7084, 9452957084","8/14/22, 6:26 PM",,,,,,,,
MOBILE_CONTACTS,Best Android Tablet app Development company,Chandigarh,,,,"700-915-1405, 7009151405","8/14/22, 6:26 PM",,,,,,,,
MOBILE_CONTACTS,Belal,Husain,,,, +917080499498,"8/14/22, 6:26 PM",,,,,,,,
MOBILE_CONTACTS,Bawa,Computer,,,,"981-551-8033, 9815518033","8/14/22, 6:26 PM",,,,,,,,
MOBILE_CONTACTS,Balraj,School,,,, +919855809933,"8/14/22, 6:26 PM",,,,,,,,
MOBILE_CONTACTS,Bablu,Sharma,,,, +917870583265,"8/14/22, 6:26 PM",,,,,,,,
MOBILE_CONTACTS,m2,,,,,738-097-7017,"8/14/22, 6:26 PM",,,,,,,,
MOBILE_CONTACTS,M,A,,,, +919695680841,"8/14/22, 6:26 PM",,,,,,,,
MOBILE_CONTACTS,Lv,classes,,,, +918737845170,"8/14/22, 6:26 PM",,,,,,,,
MOBILE_CONTACTS,LAUUDU,A,,,, +917571864424,"8/14/22, 6:26 PM",,,,,,,,
MOBILE_CONTACTS,Laddu,,,,," +918381843581, 969-618-5632, 9696185632","8/14/22, 6:26 PM",,,,,,,,
MOBILE_CONTACTS,Chaha,,,,, +917080514476,"8/14/22, 6:26 PM",,,,,,,,
MOBILE_CONTACTS,Chachi,JISHAL,,,, +919935671659,"8/14/22, 6:26 PM",,,,,,,,
MOBILE_CONTACTS,JIRAM,,,,, +917397085382,"8/14/22, 6:26 PM",,,,,,,,
MOBILE_CONTACTS,Jio,,,,,629-475-4538,"8/14/22, 6:26 PM",,,,,,,,
MOBILE_CONTACTS,INDRADEV,YADAV,,,, +919596916440,"8/14/22, 6:26 PM",,,,,,,,
MOBILE_CONTACTS,Hireish,,,,, +917294909630,"8/14/22, 6:26 PM",,,,,,,,
MOBILE_CONTACTS,Hello,,,,,730-337-3842,"8/14/22, 6:26 PM",,,,,,,,
MOBILE_CONTACTS,Harpreet,Kaur,,,,981-481-5644,"8/14/22, 6:26 PM",,,,,,,,
MOBILE_CONTACTS,Hankers,,,,, +6567493919,"8/14/22, 6:26 PM",,,,,,,,
MOBILE_CONTACTS,Gurug,,,,, +919956532204,"8/14/22, 6:26 PM",,,,,,,,
MOBILE_CONTACTS,Golu,,,,, +918507670150,"8/14/22, 6:26 PM",,,,,,,,
MOBILE_CONTACTS,Gi,,,,, +917465013962,"8/14/22, 6:26 PM",,,,,,,,
MOBILE_CONTACTS,Fi Care,,,,,080-474-85490,"8/14/22, 6:26 PM",,,,,,,,
MOBILE_CONTACTS,electice man,Singh,,,,977-935-2966,"8/14/22, 6:26 PM",,,,,,,,
MOBILE_CONTACTS,ears,,,,,091-629-995121,"8/14/22, 6:26 PM",,,,,,,,
MOBILE_CONTACTS,Durjash,,,,, +918874972175,"8/14/22, 6:26 PM",,,,,,,,
MOBILE_CONTACTS,Durendar,Chaha,,,, +917388250787,"8/14/22, 6:26 PM",Uttar Prades India State:Uttar Prades Country:India Type:HOME Primary:No,,,,,,,
MOBILE_CONTACTS,Dukanch,,,,,893-200-4650,"8/14/22, 6:26 PM",,,,,,,,
MOBILE_CONTACTS,Dell Complaint ,,,,,"1-800-425-4050, +91 1800 425 0088","8/14/22, 6:26 PM",India Country:India Type:HOME Primary:No,,,,,,,
MOBILE_CONTACTS,Corona,,,,,901-311-51515,"8/14/22, 6:26 PM",,,,,,,,
MOBILE_CONTACTS,Chotu,PANDEY,,,,745-987-4265,"8/14/22, 6:26 PM",,,,,,,,
MOBILE_CONTACTS,Chachi,Ch,,,,993-641-0273,"8/14/22, 6:26 PM",,,,,,,,
MOBILE_CONTACTS,Brar Sir Hod Of E,,,,,887-203-5214,"8/14/22, 6:26 PM",,,,,,,,
MOBILE_CONTACTS,Bisanath,Pndai,,,, +919695859449,"8/14/22, 6:26 PM",,,,,,,,
MOBILE_CONTACTS,Avbhye,Gopalganj,,,, +917256807822,"8/14/22, 6:26 PM",,,,,,,,
MOBILE_CONTACTS,Asgar,,,,,827-160-1408,"8/14/22, 6:26 PM",,,,,,,,
MOBILE_CONTACTS,Anup,,,,,739-504-3037,"8/14/22, 6:26 PM",,,,,,,,
MOBILE_CONTACTS,Annand,Bhiya,,,,639-003-4900,"8/14/22, 6:26 PM",,,,,,,,
MOBILE_CONTACTS,Ann,,,,,727-581-5633,"8/14/22, 6:26 PM",,,,,,,,
MOBILE_CONTACTS,Ankush,2,,,, +917897849883,"8/14/22, 6:26 PM",Uttar Prades India State:Uttar Prades Country:India Type:HOME Primary:No,,,,,,,
MOBILE_CONTACTS,Ankit,Mdesiya,,,, +919076826768,"8/14/22, 6:26 PM",,,,,,,,
MOBILE_CONTACTS,Anil,Mishra,,,,757-189-8373,"8/14/22, 6:26 PM",,,,,,,,
MOBILE_CONTACTS,Anand,Kumar,,,, +917307725854,"8/14/22, 6:26 PM",,,,,,,,
MOBILE_CONTACTS,Amit kushum phua,,,,, +919919950597,"8/14/22, 6:26 PM",,,,,,,,
MOBILE_CONTACTS,Amarjeet,Bro,,,,"731-979-2526, 7319792526","8/14/22, 6:26 PM",,,,,,,,
MOBILE_CONTACTS,Altar,2,,,, +91731007880,"8/14/22, 6:26 PM",,,,,,,,
MOBILE_CONTACTS,Altaf,h,,,, +918081668629,"8/14/22, 6:26 PM",,,,,,,,
MOBILE_CONTACTS,AL,cricket,,,,543-212-601,"8/14/22, 6:26 PM",,,,,,,,
MOBILE_CONTACTS,Ajay3,,,,, +918090894841,"8/14/22, 6:26 PM",,,,,,,,
MOBILE_CONTACTS,Ajay,K,,,, +917081905069,"8/14/22, 6:26 PM",,,,,,,,
MOBILE_CONTACTS,🐔,Chacha,,,," +916284088874, 060-067-33387006, +917317034465","8/14/22, 6:26 PM",,,,,,,,
MOBILE_CONTACTS,.,,,,,"7379165403, 737-916-5403, 913-508-4696","8/14/22, 6:26 PM",,,,,,,,
MOBILE_CONTACTS,parvinkumarbth2001@gmail.com,,,,parvinkumarbth2001@gmail.com,,"8/14/22, 6:26 PM",,,,,,,,
MOBILE_CONTACTS,Gurusewak Singh Brar,8872035214,,,gursewak.singh@bbsbec.ac.in,,"8/14/22, 6:26 PM",,,,,,,,
MOBILE_CONTACTS,claimchecking+AandE@gmail.com,,,,claimchecking+AandE@gmail.com,,"8/14/22, 6:26 PM",,,,,,,,
MOBILE_CONTACTS,Zeeshan,,,,,"776-509-2031, 7765092031","8/14/22, 6:26 PM",,,,,,,,
MOBILE_CONTACTS,Sudhanshu,Bhai,,,, +916206425848,"8/14/22, 6:26 PM",,,,,,,,
MOBILE_CONTACTS,Ayush,Pandey,,,, +917065366686,"8/14/22, 6:26 PM",,,,,,,,
MOBILE_CONTACTS,Abrar,,,,," +919670054923, +919125513716","8/14/22, 6:26 PM",,,,,,,,
MOBILE_CONTACTS,Amit,Salemgarh,,,,"789-485-8403, 789-785-8403, 7897858403, 7894858403","8/14/22, 6:26 PM",,,,,,,,
MOBILE_CONTACTS,Imtiyag,Catua,,,," +91727736845, 727-736-8451, 7277368451","8/14/22, 6:26 PM",,,,,,,,
MOBILE_CONTACTS,सनतोश,पा0,,,, +919936149053,"8/14/22, 6:26 PM",,,,,,,,
MOBILE_CONTACTS,मामि,छोटकि,,,, +919918173749,"8/14/22, 6:26 PM",,,,,,,,
MOBILE_CONTACTS,बिनोद,ज0,,,, +919565970599,"8/14/22, 6:26 PM",,,,,,,,
MOBILE_CONTACTS,आमीता,,,,, +919889060583,"8/14/22, 6:26 PM",,,,,,,,
MOBILE_CONTACTS,Vishal,2,,,, +917061913368,"8/14/22, 6:26 PM",,,,,,,,
MOBILE_CONTACTS,Usha,Mose,,,,"827-769-2159, +917091466221","8/14/22, 6:26 PM",,,,,,,,
MOBILE_CONTACTS,Tamkuhi,s,,,, +919795444639,"8/14/22, 6:26 PM",,,,,,,,
MOBILE_CONTACTS,t,,,,, +917726882584,"8/14/22, 6:26 PM",,,,,,,,
MOBILE_CONTACTS,Suprey,Pandai,,,, +918736084098,"8/14/22, 6:26 PM",,,,,,,,
MOBILE_CONTACTS,SumanE,,,,, +917233022925,"8/14/22, 6:26 PM",,,,,,,,
MOBILE_CONTACTS,Stendr,Sir,,,, +919771770416,"8/14/22, 6:26 PM",,,,,,,,
MOBILE_CONTACTS,Sonu Sir,Speaker,,,,"626-052-2150, 6260522150","8/14/22, 6:26 PM",,,,,,,,
MOBILE_CONTACTS,Simranpreet,Mam,,,, +918544850585,"8/14/22, 6:26 PM",,,,,,,,
MOBILE_CONTACTS,SIMA,MUSI,,,, +919955378958,"8/14/22, 6:26 PM",,,,,,,,
MOBILE_CONTACTS,Shivprakesh,,,,,"760-781-2049, 7607812049","8/14/22, 6:26 PM",,,,,,,,
MOBILE_CONTACTS,Sandeep,Trya,,,,"9794682995, 979-468-2995","8/14/22, 6:26 PM",,,,,,,,
MOBILE_CONTACTS,Sandeep,,,,, +918081333059,"8/14/22, 6:26 PM",,,,,,,,
MOBILE_CONTACTS,Salendr,yadav,,,, +916392529911,"8/14/22, 6:26 PM",,,,,,,,
MOBILE_CONTACTS,Ranjan,,,,, +916394804360,"8/14/22, 6:26 PM",,,,,,,,
MOBILE_CONTACTS,Rajesh,Bhiya,,,, +919740154999,"8/14/22, 6:26 PM",,,,,,,,
MOBILE_CONTACTS,Pinkikumari,,,,, +916395011328,"8/14/22, 6:26 PM",,,,,,,,
MOBILE_CONTACTS,Niraj,Police,,,, +917543001885,"8/14/22, 6:26 PM",,,,,,,,
MOBILE_CONTACTS,Mishra,ji,,,, +919794299657,"8/14/22, 6:26 PM",,,,,,,,
MOBILE_CONTACTS,Merchant of,Navi,,,, +919116633770,"8/14/22, 6:26 PM",,,,,,,,
MOBILE_CONTACTS,Master,G,,,, +919935773852,"8/14/22, 6:26 PM",,,,,,,,
MOBILE_CONTACTS,Maraja,Iti,,,, +919450881505,"8/14/22, 6:26 PM",,,,,,,,
MOBILE_CONTACTS,Manoja,Yadavi,,,, +917355745523,"8/14/22, 6:26 PM",,,,,,,,
MOBILE_CONTACTS,Mandeep,Mentor,,,, +919781014343,"8/14/22, 6:26 PM",,,,,,,,
MOBILE_CONTACTS,Mame,,,,, +919931248769,"8/14/22, 6:26 PM",,,,,,,,
MOBILE_CONTACTS,Mama,###Argun###,,,, +917368080554,"8/14/22, 6:26 PM",,,,,,,,
MOBILE_CONTACTS,Karanal,,,,, +919767970319,"8/14/22, 6:26 PM",,,,,,,,
MOBILE_CONTACTS,janjy,,,,,"821-028-5075, 8210285075","8/14/22, 6:26 PM",,,,,,,,
MOBILE_CONTACTS,Gurudev,G,,,, +916202265690,"8/14/22, 6:26 PM",,,,,,,,
MOBILE_CONTACTS,Guru,G,,,, +917783068678,"8/14/22, 6:26 PM",,,,,,,,
MOBILE_CONTACTS,GS,,,,,"727-746-7732, 7277467732","8/14/22, 6:26 PM",,,,,,,,
MOBILE_CONTACTS,Drupe,Mad,,,, +918953273044,"8/14/22, 6:26 PM",,,,,,,,
MOBILE_CONTACTS,Dheerg,,,,, +917080345391,"8/14/22, 6:26 PM",,,,,,,,
MOBILE_CONTACTS,Contact,7318403979,,,, +917318403979,"8/14/22, 6:26 PM",,,,,,,,
MOBILE_CONTACTS,Chutain,Pandai,,,, +919936992270,"8/14/22, 6:26 PM",,,,,,,,
MOBILE_CONTACTS,chotu,chaha,,,,"965-148-6065, 9651486065","8/14/22, 6:26 PM",,,,,,,,
MOBILE_CONTACTS,Bittu,W,,,, +919470607001,"8/14/22, 6:26 PM",,,,,,,,
MOBILE_CONTACTS,bits,,,,,"099-358-21442, 09935821442","8/14/22, 6:26 PM",,,,,,,,
MOBILE_CONTACTS,Anup,patel,,,, +917068897718,"8/14/22, 6:26 PM",,,,,,,,
MOBILE_CONTACTS,Annand,3,,,, +918115306748,"8/14/22, 6:26 PM",,,,,,,,
MOBILE_CONTACTS,Data,Entery,,,, +971522815646,"8/14/22, 6:26 PM",,,,,,,,
MOBILE_CONTACTS,D2,,,,, +918115169538,"8/14/22, 6:26 PM",,,,,,,,
MOBILE_CONTACTS,D,,,,,"993-572-1312, 9935721312","8/14/22, 6:26 PM",,,,,,,,
MOBILE_CONTACTS,Computer,Center,,,, +918887824946,"8/14/22, 6:26 PM",,,,,,,,
MOBILE_CONTACTS,Chandresh,,,,," +918957443607, +917054995417","8/14/22, 6:26 PM",,,,,,,,
MOBILE_CONTACTS,Chanda Yadav,2,,,, +919304845251,"8/14/22, 6:26 PM",,,,,,,,
MOBILE_CONTACTS,ChachA,,,,,"765-198-9077, 7651989077","8/14/22, 6:26 PM",,,,,,,,
MOBILE_CONTACTS,Career,Job Rakesh Ranjan,,,,"938-697-5611, 9386975611","8/14/22, 6:26 PM",,,,,,,,
MOBILE_CONTACTS,CSE HoD Sir,Bbsbec,,,," +91 98550 87778, +919855087778","8/14/22, 6:26 PM",,,,,,,,
MOBILE_CONTACTS,Body,Brand,,,,"887-273-3555, 8872733555","8/14/22, 6:26 PM",,,,,,,,
MOBILE_CONTACTS,Bittu Bheya,2,,,," +918210962232, +917739841232","8/14/22, 6:26 PM",,,,,,,,
MOBILE_CONTACTS,Bhullar,Prof@Bbs,,,, +919814051870,"8/14/22, 6:26 PM",,,,,,,,
MOBILE_CONTACTS,Bhai,,,,,"620-304-0435, 6203040435","8/14/22, 6:26 PM",,,,,,,,
MOBILE_CONTACTS,BINDER. Sir Sirhind Jwellery,jewellers,,,, +919417071959,"8/14/22, 6:26 PM",,,,,,,,
MOBILE_CONTACTS,Awodhesh,Kumar,,,, +919918194715,"8/14/22, 6:26 PM",,,,,,,,
MOBILE_CONTACTS,Ankush,,,,,"899-955-7521, 8999557521","8/14/22, 6:26 PM",,,,,,,,
MOBILE_CONTACTS,Anku Bhai,Bhai,,,,"827-142-7800, +91 95080 26349, 8271427800, +919508026349","8/14/22, 6:26 PM",,,,,,,,
MOBILE_CONTACTS,Ankit,HJ,,,, +919621016358,"8/14/22, 6:26 PM",,,,,,,,
MOBILE_CONTACTS,Ankit,HJ,,,, +919793457173,"8/14/22, 6:26 PM",,,,,,,,
MOBILE_CONTACTS,अनिल,भईया,,,, +917379001212,"8/14/22, 6:26 PM",,,,,,,,
MOBILE_CONTACTS,Amarinder Dr,AS,,,," +917888655963, +919814521113","8/14/22, 6:26 PM",,,,,,,,
MOBILE_CONTACTS,Aman,Bbb,,,, +916203330665,"8/14/22, 6:26 PM",,,,,,,,
MOBILE_CONTACTS,Akash Bhai,2,,,, +919798775016,"8/14/22, 6:26 PM",,,,,,,,
MOBILE_CONTACTS,Ajeet Yadav Bhai Deoria,Deoria,,,,"91407 70503, 9140770503","8/14/22, 6:26 PM",,,,,,,,
MOBILE_CONTACTS,Abhiraj Bhiya,Bhiya,,,, +919608277334,"8/14/22, 6:26 PM",,,,,,,,
MOBILE_CONTACTS,Abhay,72,,,, +917277839831,"8/14/22, 6:26 PM",,,,,,,,
MOBILE_CONTACTS,Abhay,,,,,"926-412-9524, 9264129524","8/14/22, 6:26 PM",,,,,,,,
MOBILE_CONTACTS,Abdulah Hafua,Hafua,,,, +916209153961,"8/14/22, 6:26 PM",,,,,,,,
MOBILE_CONTACTS, +917992311286,,,,, +917992311286,"8/14/22, 6:26 PM",,,,,,,,
MOBILE_CONTACTS, +916307953076,,,,, +916307953076,"8/14/22, 6:26 PM",,,,,,,,
MOBILE_CONTACTS,Nitesh,Bheya,,,, +919693998150,"8/14/22, 6:26 PM",,,,,,,,
MOBILE_CONTACTS,Anupiti,patail,,,," +919793817232, 9793817232, 979-381-7232","8/14/22, 6:26 PM",,,,,,,,
MOBILE_CONTACTS,Altar,ansari,,,, +918726262114,"8/14/22, 6:26 PM",,,,,,,,
MOBILE_CONTACTS,Papa,G,,,," +971543605684, +918950450713, +05436056844, +918492908186","8/14/22, 6:26 PM",,,,,,,,
MOBILE_CONTACTS,Rambha,devi,,,,"7379497820, 737-949-7820","8/14/22, 6:26 PM",,,,,,,,
MOBILE_CONTACTS,Maa,,,,, +919670789857,"8/14/22, 6:26 PM",,,,,,,,
MOBILE_CONTACTS,Anil,Sir,,,,"731-003-7829, +919984227106","8/14/22, 6:26 PM",,,,,,,,
MOBILE_CONTACTS,Bittu,B,,,,"09431217082, 094-312-17082, +919431217082, +917004859935, 707-095-7695, 7070957695, 9431217082, 943-121-7082","8/14/22, 6:26 PM",,,,,,,,
MOBILE_CONTACTS,Rehan,Personal,,,, +918340152918,"8/14/22, 6:26 PM",,,,,,,,
MOBILE_CONTACTS,Kunti,Devi,,,, +918318439731,"8/14/22, 6:26 PM",,,,,,,,
MOBILE_CONTACTS,👷workers,,,,, +1-647-556-9851,"8/14/22, 6:26 PM",,,,,,,,
MOBILE_CONTACTS,Workfrom,Home,,,," +91 90419 02243, +919041902243","8/14/22, 6:26 PM",,,,,,,,
MOBILE_CONTACTS,Amit,HB,,,, +918957469833,"8/14/22, 6:26 PM",,,,,,,,
MOBILE_CONTACTS,Prince 208,208,,,," +918521016568, +91 62806 05456","8/14/22, 6:26 PM",,,,,,,,
MOBILE_CONTACTS,Chandan,Yadav,,,, +918539884458,"8/14/22, 6:26 PM",,,,,,,,
MOBILE_CONTACTS,Satyam,,,,,"620-625-2911, 6206252911","8/14/22, 6:26 PM",,,,,,,,
MOBILE_CONTACTS,Sonu,,,,, +919102072438,"8/14/22, 6:26 PM",,,,,,,,
MOBILE_CONTACTS,Vishal Kumar,3,,,, +918235752591,"8/14/22, 6:26 PM",,,,,,,,
MOBILE_CONTACTS,Vijay,Kumar,,,, +917970482864,"8/14/22, 6:26 PM",,,,,,,,
MOBILE_CONTACTS,Vishal,Papa,,,, +919560105954,"8/14/22, 6:26 PM",,,,,,,,
MOBILE_CONTACTS,मिथलऐस,सर,,,, +917068786434,"8/14/22, 6:26 PM",,,,,,,,
MOBILE_CONTACTS,USHI,MUSI,,,, +917294938001,"8/14/22, 6:26 PM",,,,,,,,
MOBILE_CONTACTS,Narender ,Bhiya,,,, +919456722802,"8/14/22, 6:26 PM",,,,,,,,
MOBILE_CONTACTS,डीमपल,दी,,,, +919771770417,"8/14/22, 6:26 PM",,,,,,,,
MOBILE_CONTACTS,आननद,,,,, +919918425269,"8/14/22, 6:26 PM",,,,,,,,
MOBILE_CONTACTS,Wesram,,,,,"854-203-7229, 8542037229","8/14/22, 6:26 PM",,,,,,,,
MOBILE_CONTACTS,Vishal,,,,, +919931736304,"8/14/22, 6:26 PM",,,,,,,,
MOBILE_CONTACTS,Vikash,bhai,,,, +917301440007,"8/14/22, 6:26 PM",,,,,,,,
MOBILE_CONTACTS,Uopendr,,,,, +966598385159,"8/14/22, 6:26 PM",,,,,,,,
MOBILE_CONTACTS,Surdhir,,,,, +919125704824,"8/14/22, 6:26 PM",,,,,,,,
MOBILE_CONTACTS,Summuna,,,,, +918115924166,"8/14/22, 6:26 PM",,,,,,,,
MOBILE_CONTACTS,SUDHA,PANDEY,,,, +918874488545,"8/14/22, 6:26 PM",,,,,,,,
MOBILE_CONTACTS,Sony,Bihar,,,, +916201585193,"8/14/22, 6:26 PM",,,,,,,,
MOBILE_CONTACTS,Soniji,,,,,950-485-7019,"8/14/22, 6:26 PM",,,,,,,,
MOBILE_CONTACTS,Soni,Ji,,,,850-743-5260,"8/14/22, 6:26 PM",,,,,,,,
MOBILE_CONTACTS,Sandeep,Pepra,,,, +918262996934,"8/14/22, 6:26 PM",,,,,,,,
MOBILE_CONTACTS,Sambhu,yadav,,,, +917607134216,"8/14/22, 6:26 PM",,,,,,,,
MOBILE_CONTACTS,Sambhu,2,,,, +919670686067,"8/14/22, 6:26 PM",,,,,,,,
MOBILE_CONTACTS,Rajainkumarj,,,,, +916390464202,"8/14/22, 6:26 PM",,,,,,,,
MOBILE_CONTACTS,Rajian,jisshal,,,, +917068459872,"8/14/22, 6:26 PM",,,,,,,,
MOBILE_CONTACTS,Rahul,Sing,,,,740-804-0322,"8/14/22, 6:26 PM",,,,,,,,
MOBILE_CONTACTS,Raghbir,Singh,,,,787-217-3673,"8/14/22, 6:26 PM",,,,,,,,
MOBILE_CONTACTS,Ra,,,,,832-253-731193,"8/14/22, 6:26 PM",,,,,,,,
MOBILE_CONTACTS,Punjab,College,,,, +911763503056,"8/14/22, 6:26 PM",,,,,,,,
MOBILE_CONTACTS,Pro. Gagandeep ,Singh,,Warden,,788-880-6648,"8/14/22, 6:26 PM",,,,,,,,
MOBILE_CONTACTS,Prince,shah,,,, +919369406390,"8/14/22, 6:26 PM",,,,,,,,
MOBILE_CONTACTS,Prince,Sah,,,, +919852864275,"8/14/22, 6:26 PM",,,,,,,,
MOBILE_CONTACTS,Prince,mey,,,, +919876557539,"8/14/22, 6:26 PM",,,,,,,,
MOBILE_CONTACTS,Prince,Bro,,,, +919041997895,"8/14/22, 6:26 PM",,,,,,,,
MOBILE_CONTACTS,PP,hj,,,,"852-809-0557, 8528090557","8/14/22, 6:26 PM",,,,,,,,
MOBILE_CONTACTS,Post,Man,,,, +917827022268,"8/14/22, 6:26 PM",,,,,,,,
MOBILE_CONTACTS,Pinky,Sister,,,, +918434603959,"8/14/22, 6:26 PM",,,,,,,,
MOBILE_CONTACTS,Phupha,Ji,,,,"996-076-8467, 9960768467","8/14/22, 6:26 PM",,,,,,,,
MOBILE_CONTACTS,Niraj Sir Ecc Bits,Computer,,,,"630-768-4379, 6307684379","8/14/22, 6:26 PM",,,,,,,,
MOBILE_CONTACTS,Nana,,,,,919-905-3628,"8/14/22, 6:26 PM",,,,,,,,
MOBILE_CONTACTS,Mummy,Amit,,,, +919305536955,"8/14/22, 6:26 PM",,,,,,,,
MOBILE_CONTACTS,Manjit,Go,,,,970-858-0201,"8/14/22, 6:26 PM",,,,,,,,
MOBILE_CONTACTS,Mangit,Go,,,, +918207317911,"8/14/22, 6:26 PM",,,,,,,,
MOBILE_CONTACTS,Mama,,,,, +919162999512,"8/14/22, 6:26 PM",,,,,,,,
MOBILE_CONTACTS,Main Electric,,,,,017-635-03475,"8/14/22, 6:26 PM",,,,,,,,
MOBILE_CONTACTS,Vivek Bhai,Hostel,,,,"840-960-1330, 8409601330","8/14/22, 6:26 PM",,,,,,,,
MOBILE_CONTACTS,Vishal Kumar,Bihar,,,, +918235187956,"8/14/22, 6:26 PM",,,,,,,,
MOBILE_CONTACTS,Vishal,Friends,,,, +917050209446,"8/14/22, 6:26 PM",,,,,,,,
MOBILE_CONTACTS,Vazir,,,,, +918127266494,"8/14/22, 6:26 PM",,,,,,,,
MOBILE_CONTACTS,Vazir,New,,,, +917984471772,"8/14/22, 6:26 PM",,,,,,,,
MOBILE_CONTACTS,Vandna,Mam,,,," +919877352075, +919888956070","8/14/22, 6:26 PM",,,,,,,,
MOBILE_CONTACTS,Tหษบม่บศภหษ,,,,, +919726197191,"8/14/22, 6:26 PM",,,,,,,,
MOBILE_CONTACTS,ThinkNEXT PG,PG,,,,"078374 03000, 07837403000","8/14/22, 6:26 PM",,,,,,,,
MOBILE_CONTACTS,ThinNEXT,Technologies,,,, +919577704000,"8/14/22, 6:26 PM",,,,,,,,
MOBILE_CONTACTS,The Editior Bro,Bro,,,,"763-406-9308, 7634069308","8/14/22, 6:26 PM",,,,,,,,
MOBILE_CONTACTS,Tej,ji,,,,639-261-4043,"8/14/22, 6:26 PM",,,,,,,,
MOBILE_CONTACTS,Tej Pandey,hc,,,, +919911408893,"8/14/22, 6:26 PM",,,,,,,,
MOBILE_CONTACTS,Tbrej,Alam,,,, +919546984186,"8/14/22, 6:26 PM",,,,,,,,
MOBILE_CONTACTS,Surj,,,,, +919170399041,"8/14/22, 6:26 PM",,,,,,,,
MOBILE_CONTACTS,Sultan,Alam,,,, +919628660984,"8/14/22, 6:26 PM",,,,,,,,
MOBILE_CONTACTS,Sufu,,,,,"989-722-5508, 9897225508","8/14/22, 6:26 PM",,,,,,,,
MOBILE_CONTACTS,Study,knowledge,,,,"811-571-8102, 8115718102","8/14/22, 6:26 PM",,,,,,,,
MOBILE_CONTACTS,Sp,,,,,"808-117-1048, 8081171048","8/14/22, 6:26 PM",,,,,,,,
MOBILE_CONTACTS,Sonu Kumar,Bihar,,,,"979-850-5800, 9798505800","8/14/22, 6:26 PM",,,,,,,,
MOBILE_CONTACTS,Sir,,,,, +919931089593,"8/14/22, 6:26 PM",,,,,,,,
MOBILE_CONTACTS,Sandeep,Kumar College,,,, +916201592064,"8/14/22, 6:26 PM",,,,,,,,
MOBILE_CONTACTS,Sandeep,Personal,,,,"842-309-1494, 8423091494","8/14/22, 6:26 PM",,,,,,,,
MOBILE_CONTACTS,Rohit,BVA,,,, +919777870850,"8/14/22, 6:26 PM",,,,,,,,
MOBILE_CONTACTS,Rita,HB,,,, +919140914403,"8/14/22, 6:26 PM",,,,,,,,
MOBILE_CONTACTS,Reta,,,,," +919721146242, +91 91206 04684, +919120604684","8/14/22, 6:26 PM",,,,,,,,
MOBILE_CONTACTS,Rehan Sir,(Home),,,,"993-980-7288, 9939807288","8/14/22, 6:26 PM",,,,,,,,
MOBILE_CONTACTS,Ratan,Bbs,,,, +919914370682,"8/14/22, 6:26 PM",,,,,,,,
MOBILE_CONTACTS,Ranjan,95,,,, +919511438395,"8/14/22, 6:26 PM",,,,,,,,
MOBILE_CONTACTS,Rakesh,HJ,,,," +917508213236, +917009881331","8/14/22, 6:26 PM",,,,,,,,
MOBILE_CONTACTS,Raj mohmd,f,,,, +918115745857,"8/14/22, 6:26 PM",,,,,,,,
MOBILE_CONTACTS,Ankit,yadav,,,,"852-837-5239, 8528375239","8/14/22, 6:26 PM",,,,,,,,
MOBILE_CONTACTS,Anil,Bheya,,,, +919415484602,"8/14/22, 6:26 PM",,,,,,,,
MOBILE_CONTACTS,Altaf,1,,,, +919120788234,"8/14/22, 6:26 PM",,,,,,,,
MOBILE_CONTACTS,Ajay,kushwaha,,,, +918948413463,"8/14/22, 6:26 PM",,,,,,,,
MOBILE_CONTACTS,Aditya,,,,, +916393815938,"8/14/22, 6:26 PM",,,,,,,,
MOBILE_CONTACTS,Aannd,csc,,,, +919794115696,"8/14/22, 6:26 PM",,,,,,,,
MOBILE_CONTACTS,Aa,,,,, +917800982119,"8/14/22, 6:26 PM",,,,,,,,
MOBILE_CONTACTS,🚌,,,,,"926-440-9501, 9264409501","8/14/22, 6:26 PM",,,,,,,,
MOBILE_CONTACTS,Wesram,New,,,,"739-384-2353, 7393842353","8/14/22, 6:26 PM",,,,,,,,
MOBILE_CONTACTS,Vinay,,,,,"073-920-83820, 07392083820","8/14/22, 6:26 PM",,,,,,,,
MOBILE_CONTACTS,Uniform,College,,,,"981-490-3616, 9814903616","8/14/22, 6:26 PM",,,,,,,,
MOBILE_CONTACTS,THE,ENTERPRISES,,,, +917508607012,"8/14/22, 6:26 PM",,,,,,,,
MOBILE_CONTACTS,Tanu,Mange,,,, +919988521016,"8/14/22, 6:26 PM",,,,,,,,
MOBILE_CONTACTS,Sy,,,,, +919569268516,"8/14/22, 6:26 PM",,,,,,,,
MOBILE_CONTACTS,Supriya,hj,,,, +917068632482,"8/14/22, 6:26 PM",,,,,,,,
MOBILE_CONTACTS,Sumit,,,,,745-987-4031,"8/14/22, 6:26 PM",,,,,,,,
MOBILE_CONTACTS,Sukhveer,Singh,,,,"946-343-3189, 9463433189","8/14/22, 6:26 PM",,,,,,,,
MOBILE_CONTACTS,Sudhir,Sir,,,, +919914220333,"8/14/22, 6:26 PM",,,,,,,,
MOBILE_CONTACTS,Sudha,,,,,"639-209-0342, 6392090342","8/14/22, 6:26 PM",,,,,,,,
MOBILE_CONTACTS,Shkil,,,,,"812-791-6534, 8127916534","8/14/22, 6:26 PM",,,,,,,,
MOBILE_CONTACTS,Saurave,Bhai,,,,772-096-5226,"8/14/22, 6:26 PM",,,,,,,,
MOBILE_CONTACTS,Rohit,,,,,"932-650-9008, 9326509008","8/14/22, 6:26 PM",,,,,,,,
MOBILE_CONTACTS,Rmavti,Prdhan,,,,"885-343-2099, 8853432099","8/14/22, 6:26 PM",,,,,,,,
MOBILE_CONTACTS,Ritu,Bangans,,,,"985-189-3518, 9851893518","8/14/22, 6:26 PM",,,,,,,,
MOBILE_CONTACTS,Ritik,Singh,,,,"727-496-4639, 7274964639","8/14/22, 6:26 PM",,,,,,,,
MOBILE_CONTACTS,Rehans,,,,,"909-702-0299, 9097020299","8/14/22, 6:26 PM",,,,,,,,
MOBILE_CONTACTS,Rehan Sir,(Office),,,,"909-797-9995, 9097979995","8/14/22, 6:26 PM",,,,,,,,
MOBILE_CONTACTS,Rashn,,,,,"983-815-4910, 9838154910","8/14/22, 6:26 PM",,,,,,,,
MOBILE_CONTACTS,Rakesh,Patail,,,, +918726980448,"8/14/22, 6:26 PM",,,,,,,,
MOBILE_CONTACTS,Rakesh,,,,, +919651902189,"8/14/22, 6:26 PM",,,,,,,,
MOBILE_CONTACTS,Priti,Mem,,,, +917667282943,"8/14/22, 6:26 PM",,,,,,,,
MOBILE_CONTACTS,Prince,Mairwa,,,,"979-320-3747, 9793203747","8/14/22, 6:26 PM",,,,,,,,
MOBILE_CONTACTS,Prdhan,Ji,,,,"941-582-8031, 9415828031","8/14/22, 6:26 PM",,,,,,,,
MOBILE_CONTACTS,Pravin,,,,, +917463816568,"8/14/22, 6:26 PM",,,,,,,,
MOBILE_CONTACTS,Pintu Gupta,Balram,,,,"875-673-2779, 8756732779","8/14/22, 6:26 PM",,,,,,,,
MOBILE_CONTACTS,Phoji,Bhiya,,,,"639-044-2751, 6390442751","8/14/22, 6:26 PM",,,,,,,,
MOBILE_CONTACTS,Perminder Kaur,m,,,,"985-553-7150, 9855537150","8/14/22, 6:26 PM",,,,,,,,
MOBILE_CONTACTS,P,1,,,,"639-390-0624, 6393900624","8/14/22, 6:26 PM",,,,,,,,
MOBILE_CONTACTS,Ooooo,,,,,"639-371-4735, 6393714735","8/14/22, 6:26 PM",,,,,,,,
MOBILE_CONTACTS,Nnhey,Pandey,,,,"979-412-7855, 9794127855","8/14/22, 6:26 PM",,,,,,,,
MOBILE_CONTACTS,Nirbhay,BPO,,,,"788-836-2223, 7888362223","8/14/22, 6:26 PM",,,,,,,,
MOBILE_CONTACTS,Nand,KishorMishra,,,,"979-201-6017, 9792016017","8/14/22, 6:26 PM",,,,,,,,
MOBILE_CONTACTS,Murtuga,Dr,,,,"969-633-8316, 9696338316","8/14/22, 6:26 PM",,,,,,,,
MOBILE_CONTACTS,Munukumari,,,,, +916390483236,"8/14/22, 6:26 PM",,,,,,,,
MOBILE_CONTACTS,Muna,,,,,"983-980-0278, 9839800278","8/14/22, 6:26 PM",,,,,,,,
MOBILE_CONTACTS,Mukul,,,,, +919598450367,"8/14/22, 6:26 PM",,,,,,,,
MOBILE_CONTACTS,Mukhiya,Hc,,,, +917267805583,"8/14/22, 6:26 PM",,,,,,,,
MOBILE_CONTACTS,Mukesh,Bhai,,,, +917762019563,"8/14/22, 6:26 PM",,,,,,,,
MOBILE_CONTACTS,Messo,,,,,"708-791-3404, 7087913404","8/14/22, 6:26 PM",,,,,,,,
MOBILE_CONTACTS,Math Sir manish,Gunga,,,, +919914400660,"8/14/22, 6:26 PM",,,,,,,,
MOBILE_CONTACTS,Dell,Engineer,,,," +91 96674 10203, +919667410203","4/7/23, 6:55 AM",,,,,,,,
MOBILE_CONTACTS,Nitesh K Tkakur,Tkakur,,,," +91 80925 18058, +918092518058","4/7/23, 6:55 AM",,,,,,,,
MOBILE_CONTACTS,Sangeet,Gyn,,,sangeetchoudhry121@gmail.com," +91 78889 14284, +917888914284","4/7/23, 6:55 AM","Punjab, India State:Punjab Country:India Type:HOME Primary:No",,,,,,,
MOBILE_CONTACTS,Nikhil,Anand,,,nikhilanand24012002@gmail.com," +91 60053 31287, +916005331287","4/4/23, 12:33 AM","Jammu & Kashmir, India State:Jammu & Kashmir Country:India Type:HOME Primary:No",,,,,,,
MOBILE_CONTACTS,Laptops,,,,,"70873 58787, 7087358787","3/27/23, 3:20 AM",,,,,,,,
MOBILE_CONTACTS,Pravin Sir.,WALE,,,,"87891 15958, 8789115958","3/23/23, 7:33 AM",,,,,,,,
MOBILE_CONTACTS,Ankit CSE 2 year,year,,,," +91 75429 24778, +917542924778","3/11/23, 12:22 AM",,,,,,,,
MOBILE_CONTACTS,Kunal,,,,," +91 95762 52307, +919576252307","3/11/23, 12:22 AM","Bihar, India State:Bihar Country:India Type:HOME Primary:No",,,,,,,
MOBILE_CONTACTS,,,,,swati.zigsaw@gmail.com,,"3/8/23, 9:53 PM",,,,,,,,
MOBILE_CONTACTS,Gl90000100% Jackpot,🔥,,,," +91 93512 88918, +919351288918","3/7/23, 2:01 AM",,,,,,,,
MOBILE_CONTACTS,Manu,Hafu,,,," +91 73406 28991, +917340628991","2/27/23, 10:00 PM","Rajasthan, India State:Rajasthan Country:India Type:HOME Primary:No",,,,,,,
MOBILE_CONTACTS,🙈 Aryan,Aryan,,,," +91 73525 64411, +917352564411","2/13/23, 6:43 AM",,,,,,,,
MOBILE_CONTACTS,Balpreet,Mam,,,," +91 98765 27646, +919876527646","2/12/23, 12:20 AM",,,,,,,,
MOBILE_CONTACTS,Sandeep K,M,,,," +91 97790 99025, +919779099025","2/12/23, 12:20 AM",,,,,,,,
MOBILE_CONTACTS,Sahil,Dumriya,,,," +91 73093 74459, +917309374459","1/27/23, 7:30 PM",,,,,,,,
MOBILE_CONTACTS,Talib,Properties,,,talibkhan91@gmail.com," +91 98182 89804, +919818289804","1/25/23, 7:37 AM","Delhi, India State:Delhi Country:India Type:HOME Primary:No",,,,,,,
MOBILE_CONTACTS,Harbinder Kaur Mam,Aulakh,,,," +91 80546 24344, +918054624344","1/25/23, 7:37 AM",,,,,,,,
MOBILE_CONTACTS,Uday Sah,Sah,,,," +91 81001 93109, +918100193109","1/16/23, 9:10 PM",,,,,,,,
MOBILE_CONTACTS,Pawan Sir,Informatics,,,," +91 90418 02244, +919041802244","1/15/23, 3:57 AM","Punjab, India State:Punjab Country:India Type:HOME Primary:No",,,,,,,
MOBILE_CONTACTS,Aryan,HomeG,,,," +91 73208 29097, +917320829097","1/8/23, 10:26 PM","Bihar, India State:Bihar Country:India Type:HOME Primary:No",,,,,,,
MOBILE_CONTACTS,Sandeep K College,K,,,," +91 98553 23926, +919855323926","1/6/23, 11:53 PM","Punjab, India State:Punjab Country:India Type:HOME Primary:No",,,,,,,
MOBILE_CONTACTS,Mithlesh,Kumar,,,," +91 86046 55133, +918604655133","1/2/23, 3:22 AM",,,,,,,,
