From,To,Sent At,Message,Direction
Prince Kumar,Sayali Jadhav,"5/10/23, 8:15 AM",,OUTGOING
Prince Kumar,Elliot Roe,"5/9/23, 8:03 AM",,OUTGOING
Prince Kumar,Prabhjot Kaur,"5/6/23, 9:25 AM",,OUTGOING
Prince Kumar,Ediga Basavan Gowd,"5/6/23, 2:49 AM",,OUTGOING
Prince Kumar,shiva .k,"5/6/23, 2:49 AM",,OUTGOING
Prince Kumar,Sandeep Kaur,"5/6/23, 2:47 AM",,OUTGOING
Prince Kumar,Arghya Chakraborty ,"5/6/23, 2:46 AM",,OUTGOING
Prince Kumar,Pritam Bhor,"5/6/23, 2:46 AM",,OUTGOING
Prince Kumar,Dhirendra Kumar,"5/6/23, 2:46 AM",,OUTGOING
Prince Kumar,Kriti Nagar,"5/6/23, 2:45 AM",,OUTGOING
Prince Kumar,Sampurna Roy,"5/6/23, 2:45 AM",,OUTGOING
Prince Kumar,Aastha chaudhary,"5/6/23, 2:44 AM",,OUTGOING
Prince Kumar,Sumit Sethi,"5/6/23, 2:43 AM",,OUTGOING
Prince Kumar,saloni mogha,"5/6/23, 2:43 AM",,OUTGOING
Prince Kumar,Sunil Kumar,"5/6/23, 2:43 AM",,OUTGOING
Prince Kumar,Kamini(Kruti) Chauhan,"5/6/23, 2:42 AM",,OUTGOING
Prince Kumar,Parag Sharma,"5/5/23, 7:08 AM",,OUTGOING
Prince Kumar,Manpreet Singh,"5/5/23, 5:21 AM",,OUTGOING
Prince Kumar,Mudra Bhandari,"5/5/23, 4:32 AM",,OUTGOING
Prince Kumar,ADIL .,"5/4/23, 4:50 AM",,OUTGOING
Prince Kumar,Vaishu Arora,"4/30/23, 9:53 AM",,OUTGOING
Prince Kumar,Jyoti Thakur,"4/24/23, 8:28 AM",,OUTGOING
Prince Kumar,Nikita Gupta,"4/22/23, 11:25 PM",,OUTGOING
Prince Kumar,Amit kumar,"4/22/23, 11:56 AM",,OUTGOING
Prince Kumar,Ashish Singh Sengar,"4/22/23, 11:53 AM",,OUTGOING
Prince Kumar,Provyn S,"4/22/23, 11:45 AM",,OUTGOING
Prince Kumar,Meennu Jaiswal ⚡,"4/19/23, 9:09 AM",,OUTGOING
Prince Kumar,Vinayak Singh,"4/18/23, 8:20 PM",,OUTGOING
Prince Kumar,Mamata Sail,"4/18/23, 11:21 AM",,OUTGOING
Prince Kumar,Amit Kumar,"4/18/23, 1:54 AM",,OUTGOING
Prince Kumar,Swati Singh,"4/17/23, 2:42 AM",,OUTGOING
Prince Kumar,Astha Botadra,"4/17/23, 12:53 AM",,OUTGOING
Prince Kumar,Saurav Sharma,"4/14/23, 7:06 AM",,OUTGOING
Prince Kumar,Saiprasad Kagne,"4/14/23, 1:28 AM",,OUTGOING
Prince Kumar,aryanrajsrivastava62061@gmail.com,"3/14/23, 10:01 PM",,OUTGOING
Prince Kumar,parvinkumarbth2001@gmail.com,"3/14/23, 10:01 PM",,OUTGOING
Prince Kumar,Yash .,"1/25/23, 7:43 AM",,OUTGOING
Prince Kumar,mansi tyagi,"11/27/22, 7:49 PM",,OUTGOING
Prince Kumar,Akhilesh A,"11/27/22, 7:50 PM",,OUTGOING
Prince Kumar,ASWIN KRISHNA TS,"11/27/22, 7:49 PM",,OUTGOING
Prince Kumar,Tom P Varghese,"11/27/22, 7:49 PM",,OUTGOING
Prince Kumar,Priyadharshini Vignesh,"11/27/22, 7:50 PM",,OUTGOING
Prince Kumar,Amit kumar sinha,"11/27/22, 7:49 PM",,OUTGOING
Prince Kumar,Bhuvaneswar Katikala,"11/27/22, 7:49 PM",,OUTGOING
Prince Kumar,Bhaskar Kawad,"11/27/22, 7:49 PM",,OUTGOING
Prince Kumar,Karam jot Singh,"11/27/22, 7:49 PM",,OUTGOING
Prince Kumar,Noor Dhiman,"11/27/22, 7:49 PM",,OUTGOING
Aleksandr Suprun,Prince Kumar,"5/16/23, 10:03 AM",,INCOMING
Jyoti  Singh,Prince Kumar,"5/12/23, 11:33 AM",,INCOMING
Navita Bhatia,Prince Kumar,"5/11/23, 4:00 AM",,INCOMING
Umesh Dutt,Prince Kumar,"5/10/23, 6:30 AM",,INCOMING
Vane Quero,Prince Kumar,"5/9/23, 5:39 PM","¡Hola, Prince Somos Softgic y nos encontramos en la búsqueda de un perfil Tableau como el tuyo! El empleo es con opción de trabajo remoto, si estás interesado, házmelo saber o si conoces a alguien que nos puedas referir. ¡Feliz día!",INCOMING
Raju Kumar,Prince Kumar,"5/9/23, 7:34 AM",,INCOMING
JITENDRA MAURYA,Prince Kumar,"5/7/23, 9:08 PM",,INCOMING
Pravin  Kumar ,Prince Kumar,"5/5/23, 5:29 AM",,INCOMING
Roushan Kumar,Prince Kumar,"4/1/23, 1:08 AM",,INCOMING
Ranjeet Singh,Prince Kumar,"3/12/23, 9:23 AM",,INCOMING
IRFAN MANSURI,Prince Kumar,"3/10/23, 2:15 AM","Hi Prince,  Thanks for showing interest. I would love to get your contact details.  Regards, Irfan",INCOMING
