CONVERSATION ID,CONVERSATION TITLE,FROM,SENDER PROFILE URL,TO,RECIPIENT PROFILE URLS,DATE,SUBJECT,CONTENT,FOLDER
2-MTVjN2Q4M2QtODVjNy00ZWMxLWJiZmMtNjNmZTAzZjBjMDdlXzAxMw==,,Prince Kumar,https://www.linkedin.com/in/kmprincekumar,Navita Bhatia,https://www.linkedin.com/in/navita-bhatia-505805130,2023-05-12 10:48:14 UTC,,It's my pleasure,INBOX
2-MTVjN2Q4M2QtODVjNy00ZWMxLWJiZmMtNjNmZTAzZjBjMDdlXzAxMw==,,Navita Bhatia,https://www.linkedin.com/in/navita-bhatia-505805130,Prince Kumar,https://www.linkedin.com/in/kmprincekumar,2023-05-12 10:46:06 UTC,,Thanks.,INBOX
2-MTVjN2Q4M2QtODVjNy00ZWMxLWJiZmMtNjNmZTAzZjBjMDdlXzAxMw==,,Prince Kumar,https://www.linkedin.com/in/kmprincekumar,Navita Bhatia,https://www.linkedin.com/in/navita-bhatia-505805130,2023-05-12 10:44:44 UTC,,,INBOX
2-MTVjN2Q4M2QtODVjNy00ZWMxLWJiZmMtNjNmZTAzZjBjMDdlXzAxMw==,,Prince Kumar,https://www.linkedin.com/in/kmprincekumar,Navita Bhatia,https://www.linkedin.com/in/navita-bhatia-505805130,2023-05-12 10:44:44 UTC,,,INBOX
2-MTVjN2Q4M2QtODVjNy00ZWMxLWJiZmMtNjNmZTAzZjBjMDdlXzAxMw==,,Prince Kumar,https://www.linkedin.com/in/kmprincekumar,Navita Bhatia,https://www.linkedin.com/in/navita-bhatia-505805130,2023-05-12 10:43:28 UTC,,Okay mam,INBOX
2-MTVjN2Q4M2QtODVjNy00ZWMxLWJiZmMtNjNmZTAzZjBjMDdlXzAxMw==,,Navita Bhatia,https://www.linkedin.com/in/navita-bhatia-505805130,Prince Kumar,https://www.linkedin.com/in/kmprincekumar,2023-05-12 10:42:32 UTC,,"Ok, Please share your cv",INBOX
2-MTVjN2Q4M2QtODVjNy00ZWMxLWJiZmMtNjNmZTAzZjBjMDdlXzAxMw==,,Prince Kumar,https://www.linkedin.com/in/kmprincekumar,Navita Bhatia,https://www.linkedin.com/in/navita-bhatia-505805130,2023-05-12 10:41:37 UTC,,Baba Banda Singh Bahadur Engineering College.,INBOX
2-MTVjN2Q4M2QtODVjNy00ZWMxLWJiZmMtNjNmZTAzZjBjMDdlXzAxMw==,,Prince Kumar,https://www.linkedin.com/in/kmprincekumar,Navita Bhatia,https://www.linkedin.com/in/navita-bhatia-505805130,2023-05-12 10:41:20 UTC,,"Fatehgar Sahib, Punjab ",INBOX
2-MTVjN2Q4M2QtODVjNy00ZWMxLWJiZmMtNjNmZTAzZjBjMDdlXzAxMw==,,Navita Bhatia,https://www.linkedin.com/in/navita-bhatia-505805130,Prince Kumar,https://www.linkedin.com/in/kmprincekumar,2023-05-12 10:40:12 UTC,,"Ok, what is your current location?",INBOX
2-MTVjN2Q4M2QtODVjNy00ZWMxLWJiZmMtNjNmZTAzZjBjMDdlXzAxMw==,,Prince Kumar,https://www.linkedin.com/in/kmprincekumar,Navita Bhatia,https://www.linkedin.com/in/navita-bhatia-505805130,2023-05-12 10:39:39 UTC,,But mam i know the python developer job role and i can do it. And I have also created a project in Python.,INBOX
2-MTVjN2Q4M2QtODVjNy00ZWMxLWJiZmMtNjNmZTAzZjBjMDdlXzAxMw==,,Navita Bhatia,https://www.linkedin.com/in/navita-bhatia-505805130,Prince Kumar,https://www.linkedin.com/in/kmprincekumar,2023-05-12 10:36:27 UTC,,Ok.,INBOX
2-MTVjN2Q4M2QtODVjNy00ZWMxLWJiZmMtNjNmZTAzZjBjMDdlXzAxMw==,,Prince Kumar,https://www.linkedin.com/in/kmprincekumar,Navita Bhatia,https://www.linkedin.com/in/navita-bhatia-505805130,2023-05-12 10:36:09 UTC,,"Yes, I have but online.",INBOX
2-MTVjN2Q4M2QtODVjNy00ZWMxLWJiZmMtNjNmZTAzZjBjMDdlXzAxMw==,,Navita Bhatia,https://www.linkedin.com/in/navita-bhatia-505805130,Prince Kumar,https://www.linkedin.com/in/kmprincekumar,2023-05-12 10:35:26 UTC,,have you done any training?,INBOX
2-MTVjN2Q4M2QtODVjNy00ZWMxLWJiZmMtNjNmZTAzZjBjMDdlXzAxMw==,,Prince Kumar,https://www.linkedin.com/in/kmprincekumar,Navita Bhatia,https://www.linkedin.com/in/navita-bhatia-505805130,2023-05-12 10:34:25 UTC,,Mam actually I am fresher ,INBOX
2-MTVjN2Q4M2QtODVjNy00ZWMxLWJiZmMtNjNmZTAzZjBjMDdlXzAxMw==,,Navita Bhatia,https://www.linkedin.com/in/navita-bhatia-505805130,Prince Kumar,https://www.linkedin.com/in/kmprincekumar,2023-05-12 10:33:23 UTC,,What is your total experience?,INBOX
2-MTVjN2Q4M2QtODVjNy00ZWMxLWJiZmMtNjNmZTAzZjBjMDdlXzAxMw==,,Prince Kumar,https://www.linkedin.com/in/kmprincekumar,Navita Bhatia,https://www.linkedin.com/in/navita-bhatia-505805130,2023-05-12 10:33:00 UTC,,"Yes, I'm interested",INBOX
2-MTVjN2Q4M2QtODVjNy00ZWMxLWJiZmMtNjNmZTAzZjBjMDdlXzAxMw==,,Navita Bhatia,https://www.linkedin.com/in/navita-bhatia-505805130,Prince Kumar,https://www.linkedin.com/in/kmprincekumar,2023-05-12 10:30:35 UTC,,"Hi Prince, Hope you are doing fine!!  We are hiring Python Developer for Mohali location. Kindly revert if you are looking for change!!  Regards",INBOX
2-NDAyODE4OGMtYTNlZS00OGFiLTkyOTUtOWMwY2MzZGI3ODY5XzAxMw==,,Vane Quero,https://www.linkedin.com/in/vane-quero-94634b165,Prince Kumar,https://www.linkedin.com/in/kmprincekumar,2023-05-10 22:09:43 UTC,,"Tableau Analytics Developer 100% Remote Job Description • Define and/or offer guidance on best practices during implementation and integration of Tableau to clients and other team members • Develop and document technical architecture, system and dashboard designs, evaluate performance test results, and technical best practices of Tableau and other Analytics implementations. • Work closely with the Data Architecture team and provide technical design recommendations on the data mart structures which support analytical applications • Design specs for BI front end applications including dash boards & reporting, considering appropriate data flow and capture • Proficient building more complex calculations and presentations • Lead engagement work streams to meet milestones on time, and to deliver with high quality and within agreed to budgets • Partner closely with cross-function peers and leaders to deliver reporting projects that solve business requirements • Manage risks and utilize creative problem solving techniques • Interact with client to understand their business and reporting needs, including the identification of critical metrics and KPIs • Present project deliverables and findings to senior team members as required • Provide coaching, mentorship, and professional development for junior resources. Qualifications • 5 years of related experience in the use of Tableau Data Visualization software • 5+ years’ experience gathering business requirements, conducting technical analysis and design, coding, testing, and implementations of customizations within an enterprise development environment • 1+ years of dashboard development experience using Tableau and further experience in business intelligence and reporting • The ability to come up to speed quickly on new projects and clients • Strong requirements analysis skills to help clients understand and meet their business objectives • Experience with multiple RMDB’s such as SQL Server, Oracle, Redshift • ·Advanced SQL querying • Willingness and ability to assist the team in solving complex problems • Be a proactive contributor to the larger team • Strong data communication skills • Aptitude for interpreting data outputs and articulating findings to managers. The candidate should be comfortable telling stories with data and helping stakeholders understand what matters and what steps they can take to help their business • Strong understanding of Tableau Architecture and product offerings • Consulting experience preferred, strong communication skill · Bonus Qualifications • Statistical programming (R, SAS, Python) • Formal Business Analysis tools and methodologies (Experience writing Business Requirements Documents, BPMN, Development Life Cycle activities, agile/scrum, etc) • Additional Business Intelligence/Reporting Tools (PowerBI, Qlik, Domo, Looker, SSRS, Oracle, Superset, Business Objects, Snowflake) • Data virtualization tools (Dremio, Denodo) • Familiarity with Extract, Transform, Load (ETL) tools and methodologies (Alteryx, SSIS, Talend) • Understanding of data storage and warehousing concepts (normalization, dimensional models, data staging) • Web development tools (HTML, Javascript, additional Javascript libraries a plus [Node, JQuery]) • Exposure to data science concepts and applications • Experience utilizing REST APIs • Experience with Salesforce",INBOX
2-NDAyODE4OGMtYTNlZS00OGFiLTkyOTUtOWMwY2MzZGI3ODY5XzAxMw==,,Prince Kumar,https://www.linkedin.com/in/kmprincekumar,Vane Quero,https://www.linkedin.com/in/vane-quero-94634b165,2023-05-10 14:33:30 UTC,,Can you text in english।,INBOX
2-NDAyODE4OGMtYTNlZS00OGFiLTkyOTUtOWMwY2MzZGI3ODY5XzAxMw==,,,,,,2023-05-10 14:32:58 UTC,,,INBOX
2-NDAyODE4OGMtYTNlZS00OGFiLTkyOTUtOWMwY2MzZGI3ODY5XzAxMw==,,Vane Quero,https://www.linkedin.com/in/vane-quero-94634b165,Prince Kumar,https://www.linkedin.com/in/kmprincekumar,2023-05-10 13:38:38 UTC,,Hola Prince ¿Cómo estás? Nos encantaría conocerte y tener más información acerca de tu experiencia profesional. Estaremos esperando tu respuesta. Ten un excelente día!,INBOX
2-NDAyODE4OGMtYTNlZS00OGFiLTkyOTUtOWMwY2MzZGI3ODY5XzAxMw==,,Vane Quero,https://www.linkedin.com/in/vane-quero-94634b165,Prince Kumar,https://www.linkedin.com/in/kmprincekumar,2023-05-10 13:35:52 UTC,,"Hola! Prince gracias por aceptar nuestra solicitud de conexión, cuentanos si estas interesado en participar en nuestra vacante",INBOX
2-NDAyODE4OGMtYTNlZS00OGFiLTkyOTUtOWMwY2MzZGI3ODY5XzAxMw==,,Vane Quero,https://www.linkedin.com/in/vane-quero-94634b165,Prince Kumar,https://www.linkedin.com/in/kmprincekumar,2023-05-10 03:42:08 UTC,,"¡Hola, Prince Somos Softgic y nos encontramos en la búsqueda de un perfil Tableau como el tuyo! El empleo es con opción de trabajo remoto, si estás interesado, házmelo saber o si conoces a alguien que nos puedas referir. ¡Feliz día!",INBOX
2-ZmVlMGRlOTItYTdkZS00YWQyLWI2ZDgtZGQwNjFjYTU2YWYxXzAxMw==,,Meennu Jaiswal ⚡,https://www.linkedin.com/in/meennujaiswal,Prince Kumar,https://www.linkedin.com/in/kmprincekumar,2023-05-08 10:35:23 UTC,,Thanks for the wishes,INBOX
2-ZmVlMGRlOTItYTdkZS00YWQyLWI2ZDgtZGQwNjFjYTU2YWYxXzAxMw==,,Prince Kumar,https://www.linkedin.com/in/kmprincekumar,Meennu Jaiswal ⚡,https://www.linkedin.com/in/meennujaiswal,2023-05-08 05:59:10 UTC,,Happy birthday!,INBOX
2-NWEzYTM0MWYtMDI2Yy00ZTNiLWIyYTItMmE0ZmY4Y2Q4NTY0XzAxMw==,,Prince Kumar,https://www.linkedin.com/in/kmprincekumar,Swati Singh,https://www.linkedin.com/in/swati-singh-baa7a2134,2023-05-05 06:49:34 UTC,,Mam pls give any response.,INBOX
2-NWEzYTM0MWYtMDI2Yy00ZTNiLWIyYTItMmE0ZmY4Y2Q4NTY0XzAxMw==,,Prince Kumar,https://www.linkedin.com/in/kmprincekumar,Swati Singh,https://www.linkedin.com/in/swati-singh-baa7a2134,2023-05-05 06:47:44 UTC,,,INBOX
2-NWEzYTM0MWYtMDI2Yy00ZTNiLWIyYTItMmE0ZmY4Y2Q4NTY0XzAxMw==,,Prince Kumar,https://www.linkedin.com/in/kmprincekumar,Swati Singh,https://www.linkedin.com/in/swati-singh-baa7a2134,2023-05-05 06:46:48 UTC,,"Hi ""Swati Singh "" mam , Hop you are doing good. My name is Prince Kumar, I recently did my gradutation from ""Baba Banda Singh Bahadur Engineering College"". I possess skill like Python, Django, HTML, CSS, Bootstrap, JS, SQL, looking our for a an opportunity into same. Please let me know if you have any similar opportunities available or if you can refer me somewhere.",INBOX
2-ZTlkNzU5ZjEtMmNlMC00N2RkLTljM2ItYmY0ODkwYTM4MzgwXzAxMw==,,Prince Kumar,https://www.linkedin.com/in/kmprincekumar,ADIL .,https://www.linkedin.com/in/adil-69698122,2023-05-04 12:03:16 UTC,,"Hi ""Adil"" sir, Hop you are doing good. My name is Prince Kumar, I recently did my gradutation from ""Baba Banda Singh Bahadur Engineering College"". I possess skill like Python, Django, HTML, CSS, Bootstrap, JS, SQL, looking our for a an opportunity into same. Please let me know if you have any similar opportunities available or if you can refer me somewhere.",INBOX
2-YTUzYjA1NTgtMGNjYS00NzI3LTk5M2QtZjAyMDZmNGM3MTFhXzAxMw==,,Kranthi  Sirigiri (Kris),https://www.linkedin.com/in/kranthi-sirigiri-kris-bb7a8211b,Prince Kumar,https://www.linkedin.com/in/kmprincekumar,2023-04-27 11:38:33 UTC,,"Hi Prince, Thanks for reaching out, this job needs someone with 4+ years exp..",INBOX
2-YTUzYjA1NTgtMGNjYS00NzI3LTk5M2QtZjAyMDZmNGM3MTFhXzAxMw==,,Prince Kumar,https://www.linkedin.com/in/kmprincekumar,Kranthi  Sirigiri (Kris),https://www.linkedin.com/in/kranthi-sirigiri-kris-bb7a8211b,2023-04-20 03:39:01 UTC,Refrence for job,"Sir my is prince Kumar, currently my six semester has ended and start my seventh semester but sir my seventh semester is tranning semester but I have knowledge for your job requirements.so sir please give one chance from on your side. Sir I am waiting for your reply ☺️.",INBOX
2-YzYyZTZkZjgtNzY1MS00ZDY3LWFhYzgtOWQzMDlkMDVhYzZiXzAxMw==,Sponsored Conversation,LinkedIn Member,,Prince Kumar,https://www.linkedin.com/in/kmprincekumar,2023-04-27 00:19:27 UTC,,"<p class=""spinmail-quill-editor__spin-break"">Hi %FIRSTNAME% ,</p><p class=""spinmail-quill-editor__spin-break""><br></p><p class=""spinmail-quill-editor__spin-break"">Are you looking to enhance your skills in <strong>Data structure and Algorithms</strong> to level up your knowledge in the tech industry?</p><p class=""spinmail-quill-editor__spin-break""><br></p><p class=""spinmail-quill-editor__spin-break"">Look no further! Learnbay, a leading online learning platform, offers comprehensive <strong>Full-stack Software Development Course</strong> to help you stay ahead of the competition.</p><p class=""spinmail-quill-editor__spin-break""><br></p><p class=""spinmail-quill-editor__spin-break"">Our Program features includes</p><p class=""spinmail-quill-editor__spin-break"">1. 𝟑𝟎𝟎+ <strong>Hours</strong> 𝐋𝐢𝐯𝐞 𝐈𝐧𝐭𝐞𝐫𝐚𝐜𝐭𝐢𝐯𝐞 𝐒𝐞𝐬𝐬𝐢𝐨𝐧𝐬</p><p class=""spinmail-quill-editor__spin-break"">2. 𝟏:𝟏 𝐌𝐞𝐧𝐭𝐨𝐫𝐬𝐡𝐢𝐩</p><p class=""spinmail-quill-editor__spin-break"">3. 𝟏𝟐+ 𝐫𝐞𝐚𝐥-𝐰𝐨𝐫𝐥𝐝 𝐩𝐫𝐨𝐣𝐞𝐜𝐭𝐬</p><p class=""spinmail-quill-editor__spin-break""><br></p><p class=""spinmail-quill-editor__spin-break"">And with our flexible subscription model, you can learn at your own pace.</p><p class=""spinmail-quill-editor__spin-break""><br></p><p class=""spinmail-quill-editor__spin-break"">So, what are you waiting for? Schedule a call with our counsellor and upskill your career!</p>",INBOX
2-MWVjOWZiMzMtNjVhZC00OTE2LWE4M2YtODY2YjAyNjE3ZmVhXzAxMw==,,Prince Kumar,https://www.linkedin.com/in/kmprincekumar,Provyn S,https://www.linkedin.com/in/provyn-s-61a147207,2023-04-22 18:54:13 UTC,,,INBOX
2-YzRlZTBjNmEtZWUwMy00YmQxLWIwOWMtZGI0YzIwMmUzNmYzXzAxMw==,,Prince Kumar,https://www.linkedin.com/in/kmprincekumar,Mamata Sail,https://www.linkedin.com/in/mamata-sail-15716319,2023-04-18 18:20:46 UTC,I’m interested in your Python Developer role,"Hi Mamata,  I hope you’re doing well! I’m interested in the role you posted: Python Developer. Based on my experience as Python Developer |  Django Developer | Data Analyst, I believe I could be a good fit.  Are you open to a quick chat to discuss the position? I’d love to learn more about it, and share more about my own qualifications. I look forward to hearing from you.  Best regards, Prince Kumar",INBOX
2-ZGVlNWJhOTUtYTMzNi00OTk1LTg4Y2ItOGE4M2E3M2M3ZWM2XzAxMg==,,Ashish Singh Sengar,https://www.linkedin.com/in/ashish-singh-sengar-631381219,Prince Kumar,https://www.linkedin.com/in/kmprincekumar,2023-04-17 04:24:44 UTC,,"Dear Candidate, Warm Greetings,  Kindly click below to check Projects Details and complete your registration process regarding your Internship :  https://letsintern.in/full-stack-web-development-2/   Thank you, Letsintern Support Team For any queries , Call or WhatsApp here : +91-6394784391",INBOX
2-NWQyMjA1OTktMGFhOC00ZTY4LTg5MGYtZDk4ODlmMmNhOTVhXzAxMA==,,Saiprasad Kagne,https://www.linkedin.com/in/saiprasad-kagne-659a14198,Prince Kumar,https://www.linkedin.com/in/kmprincekumar,2023-04-14 08:09:06 UTC,,"Hi Prince, This is the TwiLearn Internship Program. The program starts on 15th of April 2023  1. Training fees: 999/- (with self paced training course) Internship: 2 Projects included(2 months)  2. Training fees: 1499/- (With mentor led learning + Live doubt solving sessions) Internship: 2 Project included with mentor assistance(3 months)  3. Training fees: 1999/- (with placement masterclass including all features) Internship: 3 Projects with master preparation(3 months)  Certification: 1. Training Certificate 2. Internship Certificate 3. Excellence performance certificate  So if you are interested you can register directly on our website: https://twilearn.com/Internship.html`  Contact here for more queries: +91 8421796406 or hello@twilearn.in  Referral code: CRTEJSWI For offer price  If you are interested please revert me back as “interested”",INBOX
2-ZjQ4OTUyZTQtMDMwOC00MGIyLWI3MTctYTcwYTNkMDQzYjhkXzAxMA==,Sponsored Conversation,LinkedIn Member,,Prince Kumar,https://www.linkedin.com/in/kmprincekumar,2023-04-14 06:54:25 UTC,,"Hi there, %FIRSTNAME%!   My name is Diane from the LinkedIn Premium team. I noticed you might be considering LinkedIn Premium. Are you still interested in a free trial? ",INBOX
2-YWJiOTlkNWEtYWRiMi00NDI2LWIxZmMtYzFjNjU0NGVkOTJlXzAxMw==,,IRFAN MANSURI,https://www.linkedin.com/in/irfan-mansuri-130687180,Prince Kumar,https://www.linkedin.com/in/kmprincekumar,2023-03-24 06:17:51 UTC,,"Hi Prince,  Thanks for showing interest. I would love to get your contact details.  Regards, Irfan",INBOX
2-NjQ2YTBjNzYtYTZkZC00ODk2LTk1YzEtZjJlM2JjNWZkNDQxXzAxMw==,,Issac  Raja Sekar,https://www.linkedin.com/in/issacrajasekar-mern-fullstack-webdeveloper,Prince Kumar,https://www.linkedin.com/in/kmprincekumar,2022-08-15 02:48:29 UTC,,Yes,INBOX
2-NjQ2YTBjNzYtYTZkZC00ODk2LTk1YzEtZjJlM2JjNWZkNDQxXzAxMw==,,Prince Kumar,https://www.linkedin.com/in/kmprincekumar,Issac  Raja Sekar,https://www.linkedin.com/in/issacrajasekar-mern-fullstack-webdeveloper,2022-08-15 02:23:41 UTC,,Realy ,INBOX
2-NjQ2YTBjNzYtYTZkZC00ODk2LTk1YzEtZjJlM2JjNWZkNDQxXzAxMw==,,Issac  Raja Sekar,https://www.linkedin.com/in/issacrajasekar-mern-fullstack-webdeveloper,Prince Kumar,https://www.linkedin.com/in/kmprincekumar,2022-08-15 02:23:04 UTC,,"That is enough now, first apply for jobs and get a job after u can learn frontend",INBOX
2-NjQ2YTBjNzYtYTZkZC00ODk2LTk1YzEtZjJlM2JjNWZkNDQxXzAxMw==,,Issac  Raja Sekar,https://www.linkedin.com/in/issacrajasekar-mern-fullstack-webdeveloper,Prince Kumar,https://www.linkedin.com/in/kmprincekumar,2022-08-15 02:22:09 UTC,,Ok that's good ,INBOX
2-NjQ2YTBjNzYtYTZkZC00ODk2LTk1YzEtZjJlM2JjNWZkNDQxXzAxMw==,,Prince Kumar,https://www.linkedin.com/in/kmprincekumar,Issac  Raja Sekar,https://www.linkedin.com/in/issacrajasekar-mern-fullstack-webdeveloper,2022-08-15 02:21:37 UTC,,I have knowledge of python,INBOX
2-NjQ2YTBjNzYtYTZkZC00ODk2LTk1YzEtZjJlM2JjNWZkNDQxXzAxMw==,,Issac  Raja Sekar,https://www.linkedin.com/in/issacrajasekar-mern-fullstack-webdeveloper,Prince Kumar,https://www.linkedin.com/in/kmprincekumar,2022-08-15 02:21:25 UTC,,First start with any one then later u can learn another,INBOX
2-NjQ2YTBjNzYtYTZkZC00ODk2LTk1YzEtZjJlM2JjNWZkNDQxXzAxMw==,,Issac  Raja Sekar,https://www.linkedin.com/in/issacrajasekar-mern-fullstack-webdeveloper,Prince Kumar,https://www.linkedin.com/in/kmprincekumar,2022-08-15 02:20:37 UTC,,If u want to do backend - u can choose any programming language like python or java Or javascript,INBOX
2-NjQ2YTBjNzYtYTZkZC00ODk2LTk1YzEtZjJlM2JjNWZkNDQxXzAxMw==,,Prince Kumar,https://www.linkedin.com/in/kmprincekumar,Issac  Raja Sekar,https://www.linkedin.com/in/issacrajasekar-mern-fullstack-webdeveloper,2022-08-15 02:20:32 UTC,,I want to do both,INBOX
2-NjQ2YTBjNzYtYTZkZC00ODk2LTk1YzEtZjJlM2JjNWZkNDQxXzAxMw==,,Issac  Raja Sekar,https://www.linkedin.com/in/issacrajasekar-mern-fullstack-webdeveloper,Prince Kumar,https://www.linkedin.com/in/kmprincekumar,2022-08-15 02:19:14 UTC,,"If u want to do front end study - html, css, bootstrap, javascript, reactjs",INBOX
2-NjQ2YTBjNzYtYTZkZC00ODk2LTk1YzEtZjJlM2JjNWZkNDQxXzAxMw==,,Issac  Raja Sekar,https://www.linkedin.com/in/issacrajasekar-mern-fullstack-webdeveloper,Prince Kumar,https://www.linkedin.com/in/kmprincekumar,2022-08-15 02:17:57 UTC,,Front end or backend,INBOX
2-NjQ2YTBjNzYtYTZkZC00ODk2LTk1YzEtZjJlM2JjNWZkNDQxXzAxMw==,,Issac  Raja Sekar,https://www.linkedin.com/in/issacrajasekar-mern-fullstack-webdeveloper,Prince Kumar,https://www.linkedin.com/in/kmprincekumar,2022-08-15 02:17:45 UTC,,In web development what u want to do? ,INBOX
2-NjQ2YTBjNzYtYTZkZC00ODk2LTk1YzEtZjJlM2JjNWZkNDQxXzAxMw==,,Prince Kumar,https://www.linkedin.com/in/kmprincekumar,Issac  Raja Sekar,https://www.linkedin.com/in/issacrajasekar-mern-fullstack-webdeveloper,2022-08-15 02:14:58 UTC,,Plz reply ,INBOX
2-NjQ2YTBjNzYtYTZkZC00ODk2LTk1YzEtZjJlM2JjNWZkNDQxXzAxMw==,,Prince Kumar,https://www.linkedin.com/in/kmprincekumar,Issac  Raja Sekar,https://www.linkedin.com/in/issacrajasekar-mern-fullstack-webdeveloper,2022-08-15 02:14:19 UTC,,to get a job,INBOX
2-NjQ2YTBjNzYtYTZkZC00ODk2LTk1YzEtZjJlM2JjNWZkNDQxXzAxMw==,,Prince Kumar,https://www.linkedin.com/in/kmprincekumar,Issac  Raja Sekar,https://www.linkedin.com/in/issacrajasekar-mern-fullstack-webdeveloper,2022-08-15 02:13:46 UTC,,Whose language is required for web development.,INBOX
2-NjQ2YTBjNzYtYTZkZC00ODk2LTk1YzEtZjJlM2JjNWZkNDQxXzAxMw==,,Issac  Raja Sekar,https://www.linkedin.com/in/issacrajasekar-mern-fullstack-webdeveloper,Prince Kumar,https://www.linkedin.com/in/kmprincekumar,2022-08-15 02:07:33 UTC,,Hii,INBOX
2-NjQ2YTBjNzYtYTZkZC00ODk2LTk1YzEtZjJlM2JjNWZkNDQxXzAxMw==,,Prince Kumar,https://www.linkedin.com/in/kmprincekumar,Issac  Raja Sekar,https://www.linkedin.com/in/issacrajasekar-mern-fullstack-webdeveloper,2022-08-15 02:03:10 UTC,,Hii,INBOX
2-OTdlY2QzZTAtZDBmMi00ZGM3LWFiNjAtODNjODAzMGMwZjQ0XzAxMA==,The Distinctly Quantitative Rady Master of Finance,Michael Melvin,,Prince Kumar,https://www.linkedin.com/in/kmprincekumar,2023-03-07 10:01:30 UTC,,"<p class=""spinmail-quill-editor__spin-break"">Dear Prince,</p><p class=""spinmail-quill-editor__spin-break""><br></p><p class=""spinmail-quill-editor__spin-break"">Your experience and accomplishments caught our attention and we thought you would be a great fit for the Master of Finance program at the UC San Diego Rady School of Management. This one-year program provides rigorous, hands-on training that will prepare you to immediately contribute in financial roles where quantitative and analytics skills are in high demand.&nbsp;&nbsp;</p><p class=""spinmail-quill-editor__spin-break""><br></p><p class=""spinmail-quill-editor__spin-break"">And because the financial world runs on collaboration, we’ve developed a team-based approach to learning that prepares you for a career in the industry. You’ll graduate technically proficient and ready to be a sought-after colleague, collaborator and incisive decision-maker.&nbsp;</p><p class=""spinmail-quill-editor__spin-break""><br></p><p class=""spinmail-quill-editor__spin-break"">We are among a small number of top business schools that are STEM designated, ensuring that you will develop the quantitative and analytical skills necessary to succeed in a data-driven world.&nbsp;You will learn how to test your assumptions, ask smarter questions and challenge conventional wisdom. Our emphasis on empirical data-driven methods sets the Rady degree apart from other Master of Finance programs.&nbsp;</p><p class=""spinmail-quill-editor__spin-break""><br></p><p class=""spinmail-quill-editor__spin-break"">Our world-class faculty are dedicated teachers who exemplify the critical connection between analytical thinking and decisive action. Build the bridges between science, data and innovation with an MFin from the Rady School.&nbsp;</p><p class=""spinmail-quill-editor__spin-break""><br></p><p class=""spinmail-quill-editor__spin-break"">If you would like to learn more about how the Rady School’s Master of Finance Program can help you reach your career goals, we encourage you to get in touch with us.&nbsp;</p><p class=""spinmail-quill-editor__spin-break""><br></p><p class=""spinmail-quill-editor__spin-break"">We look forward to meeting you.&nbsp;</p><p class=""spinmail-quill-editor__spin-break""><br></p><p class=""spinmail-quill-editor__spin-break"">Kindly,&nbsp;</p><p class=""spinmail-quill-editor__spin-break""><br></p><p class=""spinmail-quill-editor__spin-break"">Michael Melvin&nbsp;</p><p class=""spinmail-quill-editor__spin-break""><br></p><p class=""spinmail-quill-editor__spin-break"">Executive Director, Master of Finance program&nbsp;</p><p class=""spinmail-quill-editor__spin-break""><br></p><p class=""spinmail-quill-editor__spin-break"">Rady School of Management at UC San Diego</p>",ARCHIVE
2-ZGU2MjYwZjgtOGNkOS00ZWE2LThmMTQtOGM1MTJkNDg4OWUwXzAxMw==,Sponsored Conversation,LinkedIn Member,,Prince Kumar,https://www.linkedin.com/in/kmprincekumar,2023-02-28 06:01:27 UTC,,"Hi there, %FIRSTNAME%! My name is Diane from the LinkedIn Premium team. Despite recent economic uncertainty, a number of companies are still posting jobs. Would you like to try Premium for free to accelerate your job search? ",ARCHIVE
2-MTNlNGJlOTctYzk1Yi00MmY1LWFjN2MtMzJlNjczYjQ4OWUzXzAxMw==,Sponsored Conversation,LinkedIn Member,,Prince Kumar,https://www.linkedin.com/in/kmprincekumar,2023-01-15 11:57:08 UTC,,"Dear %FIRSTNAME%  I hope this message finds you well. I wanted to reach out to you because I know how valuable a Master's in Data Science can be for professionals looking to advance their careers in the tech industry.  I am writing to let you know about a unique opportunity to earn an MSc in Data Science online. This program is designed for working professionals and is delivered fully online, making it convenient and flexible to fit your schedule.  The program covers a wide range of topics, including machine learning, data visualization, and big data technologies, and is taught by industry experts. Upon completion, you'll have the skills and knowledge to pursue exciting career opportunities in data science and analytics.  I think this program would be a great fit for you and would be happy to answer any questions you may have.  ",ARCHIVE
2-ZGZiMmEyNDUtNDYyMy00MDhmLTk1YmYtMjIyY2E0N2UzNWFjXzAxMw==,Sponsored Conversation,LinkedIn Member,,Prince Kumar,https://www.linkedin.com/in/kmprincekumar,2023-01-03 13:38:17 UTC,,"Hi there, %FIRSTNAME%! My name is Diane from the LinkedIn Premium team. Despite recent economic uncertainty, a number of companies are still posting jobs.  Are you focusing more on connecting to hiring managers or developing your professional skills? ",ARCHIVE
2-MTk1NmUxNmEtY2I4NS00ODgyLWI5YzAtOTUzNGIxOTQ0NzczXzAxMw==,This is the chance to manifest your business school dream!,Manya - The Princeton Review,,Prince Kumar,https://www.linkedin.com/in/kmprincekumar,2022-11-28 03:56:21 UTC,,"<p class=""spinmail-quill-editor__spin-break"">Dear Prince,</p><p class=""spinmail-quill-editor__spin-break"">&nbsp;</p><p class=""spinmail-quill-editor__spin-break"">62.5% of all students scored 700+ in GMAT in 2021 with an average score of 704 vs a national average of 603 at Manya – The Princeton Review. They prepare for the GMAT exam through “The Princeton Review Portal” which is AI-driven with practice tests mirroring the actual exam format, along with a Smart DrillBuilder, in-depth coursework videos and much more.</p><p class=""spinmail-quill-editor__spin-break"">&nbsp;</p><p class=""spinmail-quill-editor__spin-break"">With the guidance of our expert counsellors, advanced questions and instructions, interactive video based lessons, exclusive study material, we guarantee a score improvement of upto 250 points in the actual exam. That is the&nbsp;real&nbsp;“The Princeton Review Advantage”.</p><p class=""spinmail-quill-editor__spin-break"">&nbsp;</p><p class=""spinmail-quill-editor__spin-break"">So, score high, and live your business school dream!</p>",ARCHIVE
2-ODJjNDliZjYtMjRhYy00OTQ2LThlMDItOTIxZTA5OTg3ZTI3XzAxMw==,Sponsored Conversation,LinkedIn Member,,Prince Kumar,https://www.linkedin.com/in/kmprincekumar,2022-10-27 13:27:17 UTC,,"Hi there, %FIRSTNAME%! My name is Diane from the LinkedIn Premium team and I’d like to invite you to try Premium for free. We’ve recently seen an increase in job postings that might be a good fit.  Are you focusing more on connecting to hiring managers or developing your professional skills?",ARCHIVE
2-NTk2ZWJhNzktZjhiNC00OTI4LWFiN2EtMGIxZWQ1MTkxNGZmXzAxMw==,Post-Graduate Certificate Program in Marketing,Ananya Singh,,Prince Kumar,https://www.linkedin.com/in/kmprincekumar,2022-10-21 13:10:30 UTC,,"<p class=""spinmail-quill-editor__spin-break"">Hi Prince</p><p class=""spinmail-quill-editor__spin-break""><br></p><p class=""spinmail-quill-editor__spin-break"">My name is Ananya, working in Operations Management at Expertrons. I came across your profile &amp; feel that you deserve 2x faster career growth with a job that transforms your financial future. But HOW?</p><p class=""spinmail-quill-editor__spin-break""><br></p><p class=""spinmail-quill-editor__spin-break"">Find success beyond your imagination;&nbsp;<strong>Get a 100% Guaranteed Job* in the Marketing world</strong>!</p><p class=""spinmail-quill-editor__spin-break""><br></p><p class=""spinmail-quill-editor__spin-break"">With Expertrons <strong>Post-Graduate Certificate Program in Marketing</strong>, you can land your dream job in a top company and <strong>earn a salary upto 8 LPA</strong>. Gain industry skills that complement each career stage with LIVE training sessions and connect with 6000+ top industry experts.</p><p class=""spinmail-quill-editor__spin-break""><br></p><p class=""spinmail-quill-editor__spin-break"">Have you been searching for the right job but lack the right skill set? Fear no longer! It’s time to break out current skills challenges to become a growth-driven Marketer in just 6 months.&nbsp;</p><p class=""spinmail-quill-editor__spin-break""><br></p><ul><li>1:1 calls with Experts</li><li>4000+ Hiring Partners</li><li>Soft &amp; Domain skills training</li><li>Reach-outs for Expert referrals</li><li>100% Guaranteed Placement*</li></ul><p class=""spinmail-quill-editor__spin-break""><br></p><p class=""spinmail-quill-editor__spin-break"">Stand out from other job seekers with our top expert-led sessions and gain 5x industry knowledge required in today's job market.&nbsp;</p><p class=""spinmail-quill-editor__spin-break""><br></p><p class=""spinmail-quill-editor__spin-break"">Register now. Limited seats available!</p>",ARCHIVE
2-NmE2ODc2OWUtYWQzOS00MmMxLThmNDItZmU3NGM1MTY1ZDY2XzAxMw==,M.S Computer Science engineering - Online,Jai Sharma,,Prince Kumar,https://www.linkedin.com/in/kmprincekumar,2022-09-19 15:22:47 UTC,,"<p class=""spinmail-quill-editor__spin-break"">Dear Prince,</p><p class=""spinmail-quill-editor__spin-break""><br></p><p class=""spinmail-quill-editor__spin-break"">I’m the Head of Student Recruitment at <strong>Newton School and IU University of Applied Sciences Germany</strong> and I believe that you could benefit from starting the next step in your career with Newton University.</p><p class=""spinmail-quill-editor__spin-break"">Visit our website to explore our Master's Degrees in various domains and earn up to<strong> 40 LPA.</strong></p><p class=""spinmail-quill-editor__spin-break""><br></p><p class=""spinmail-quill-editor__spin-break"">Courses you can join:</p><p class=""spinmail-quill-editor__spin-break""><br></p><ul><li><strong>Master's in Data Science</strong></li><li><strong>Master's in Cybersecurity</strong></li><li><strong>Master's in Artificial Intelligence</strong></li><li><strong>Master's in Computer Science</strong></li></ul><p class=""spinmail-quill-editor__spin-break"">So why should you study at Newton University, hear what our students say:</p><p class=""spinmail-quill-editor__spin-break""><br></p><ul><li>""The students were divided in a batch of 5–6 and each batch was assigned a mentor and a doubt assistant. The mentors were from top product-based companies like Microsoft, Amazon, Visa, Adobe, Zomato, Swiggy, Oyo and many more. I started getting referrals even before the course ended!""</li></ul><p class=""spinmail-quill-editor__spin-break"">&nbsp; &nbsp; &nbsp; &nbsp; &nbsp; &nbsp; &nbsp; &nbsp; &nbsp; &nbsp; &nbsp; &nbsp; &nbsp; &nbsp;  &nbsp; &nbsp; &nbsp; &nbsp; &nbsp; &nbsp; &nbsp; &nbsp; &nbsp; &nbsp; &nbsp; &nbsp; &nbsp; &nbsp; &nbsp; &nbsp; &nbsp; &nbsp; &nbsp; &nbsp; &nbsp; &nbsp; &nbsp; &nbsp; &nbsp; &nbsp; &nbsp; &nbsp; &nbsp; &nbsp; - Harekrishna Mahto, Zomato</p><p class=""spinmail-quill-editor__spin-break""><br></p><ul><li>""Newton School taught me all that is required to crack interviews at big companies. Within 2.5 months I was confident and resigned from the company I was working with, without having any offer in my hand. Within some time I got my first offer and later I made it to Unacademy with 4x of my previous salary.""</li></ul><p class=""spinmail-quill-editor__spin-break""> &nbsp; &nbsp; &nbsp; &nbsp; &nbsp; &nbsp; &nbsp; &nbsp; &nbsp; &nbsp; &nbsp; &nbsp; &nbsp; &nbsp; &nbsp; &nbsp; &nbsp; &nbsp; &nbsp; &nbsp; &nbsp; &nbsp; &nbsp; &nbsp; &nbsp; &nbsp; &nbsp; &nbsp; &nbsp; &nbsp; &nbsp; &nbsp; &nbsp; &nbsp; &nbsp; &nbsp; &nbsp; &nbsp; &nbsp; &nbsp; &nbsp; &nbsp; &nbsp; &nbsp; - Aalekh Sajonia, Unacademy</p><p class=""spinmail-quill-editor__spin-break""><br></p><p class=""spinmail-quill-editor__spin-break"">If you are as excited as we are about engaging in this new journey, get in touch to find out more about our Master's program.</p><p class=""spinmail-quill-editor__spin-break""><br></p><p class=""spinmail-quill-editor__spin-break"">Kind Regards,</p><p class=""spinmail-quill-editor__spin-break"">Jai Sharma</p><p class=""spinmail-quill-editor__spin-break"">Head of Student Recruitment,</p><p class=""spinmail-quill-editor__spin-break"">Newton School and IU Germany</p><p class=""spinmail-quill-editor__spin-break""><br></p><p class=""spinmail-quill-editor__spin-break""><br></p>",ARCHIVE
2-NTdjMDVlMmMtMDJmMS00NzQ4LWJkMTQtNGZkNWU0ODJiNzBhXzAxMw==,Thanks for being a valued member,Diane from LinkedIn Premium,,Prince Kumar,https://www.linkedin.com/in/kmprincekumar,2022-08-18 11:23:01 UTC,,"<p class=""spinmail-quill-editor__spin-break"">Hi Prince,</p><p class=""spinmail-quill-editor__spin-break""><br></p><p class=""spinmail-quill-editor__spin-break"">I'd like to offer you a <a rel=""noopener"" href=""https://www.linkedin.com/premium/products?family=jss&amp;type=premium&amp;src=li-in&amp;trk=spinml_mktg_jss_ha_c_PREMIUM_C_JSS_SM_MA_GLOBAL_EN_OpenCandidateTrigger_566_SM_Jul-2021_V3_Firewood&amp;mcid=6818486364531630081&amp;utype=job&li_fat_id=9ad3716e-5e8d-4fc9-896b-383d4c01a3f4"" target=""_blank"">free trial of LinkedIn Premium</a>. LinkedIn Premium gives you access to the following benefits:</p><p class=""spinmail-quill-editor__spin-break""><br></p><ul><li><strong>LinkedIn Learning Courses</strong> so you can sharpen your skills with 15,000+ expert-led video courses.</li><li><strong>InMail Messaging</strong> so you can contact anyone, even if you’re not connected.</li><li><strong>Who's Viewed Your Profile</strong>, to see everyone who viewed your profile over the last 90 days.</li><li><strong>Top Applicant</strong> to see a list of jobs where you’re a great fit.</li><li><strong>Competitive Insights</strong> on people who are applying to the same job as you.</li></ul><p class=""spinmail-quill-editor__spin-break"">Start your 1 month free trial today.</p><p class=""spinmail-quill-editor__spin-break""><br></p><p class=""spinmail-quill-editor__spin-break"">Sincerely,&nbsp;</p><p class=""spinmail-quill-editor__spin-break"">Melissa &amp; the LinkedIn Premium Team</p>",ARCHIVE
2-MzM3M2NlNjUtY2VmMy00YWM4LWExNTYtY2IyYjIxYjkzMzUxXzAxMw==,M.S Computer Science engineering - Online,Jai Sharma,,Prince Kumar,https://www.linkedin.com/in/kmprincekumar,2022-08-15 04:58:15 UTC,,"<p class=""spinmail-quill-editor__spin-break"">Dear Prince,</p><p class=""spinmail-quill-editor__spin-break""><br></p><p class=""spinmail-quill-editor__spin-break"">I’m the Head of Student Recruitment at <strong>Newton School and IU University of Applied Sciences Germany</strong> and I believe that you could benefit from starting the next step in your career with Newton University.</p><p class=""spinmail-quill-editor__spin-break"">Visit our website to explore our Master's Degrees in various domains and earn up to <strong>40 LPA.</strong></p><p class=""spinmail-quill-editor__spin-break""><br></p><p class=""spinmail-quill-editor__spin-break"">Courses you can join:</p><p class=""spinmail-quill-editor__spin-break""><br></p><ul><li><strong>Master's in Data Science</strong></li><li><strong>Master's in Cybersecurity</strong></li><li><strong>Master's in Artificial Intelligence</strong></li><li><strong>Master's in Computer Science</strong></li></ul><p class=""spinmail-quill-editor__spin-break"">So why should you study at Newton University, hear what our students say:</p><p class=""spinmail-quill-editor__spin-break""><br></p><ul><li>""The students were divided in a batch of 5–6 and each batch was assigned a mentor and a doubt assistant. The mentors were from top product-based companies like Microsoft, Amazon, Visa, Adobe, Zomato, Swiggy, Oyo and many more. I started getting referrals even before the course ended!""</li></ul><p class=""spinmail-quill-editor__spin-break"">&nbsp;&nbsp;&nbsp;&nbsp;&nbsp;&nbsp;&nbsp;&nbsp;&nbsp;&nbsp;&nbsp;&nbsp;&nbsp;&nbsp;&nbsp;&nbsp;&nbsp;&nbsp;&nbsp;&nbsp;&nbsp;&nbsp;&nbsp;&nbsp;&nbsp;&nbsp;&nbsp;&nbsp;&nbsp;&nbsp;&nbsp;&nbsp;&nbsp;&nbsp;&nbsp;&nbsp;&nbsp;&nbsp;&nbsp;&nbsp;&nbsp;&nbsp;&nbsp;&nbsp;- Harekrishna Mahto, Zomato</p><p class=""spinmail-quill-editor__spin-break""><br></p><ul><li>""Newton School taught me all that is required to crack interviews at big companies. Within 2.5 months I was confident and resigned from the company I was working with, without having any offer in my hand. Within some time I got my first offer and later I made it to Unacademy with 4x of my previous salary.""</li></ul><p class=""spinmail-quill-editor__spin-break"">&nbsp;&nbsp;&nbsp;&nbsp;&nbsp;&nbsp;&nbsp;&nbsp;&nbsp;&nbsp;&nbsp;&nbsp;&nbsp;&nbsp;&nbsp;&nbsp;&nbsp;&nbsp;&nbsp;&nbsp;&nbsp;&nbsp;&nbsp;&nbsp;&nbsp;&nbsp;&nbsp;&nbsp;&nbsp;&nbsp;&nbsp;&nbsp;&nbsp;&nbsp;&nbsp;&nbsp;&nbsp;&nbsp;&nbsp;&nbsp;&nbsp;&nbsp;&nbsp;&nbsp;- Aalekh Sajonia, Unacademy</p><p class=""spinmail-quill-editor__spin-break""><br></p><p class=""spinmail-quill-editor__spin-break"">If you are as excited as we are about engaging in this new journey, get in touch to find out more about our Master's program.</p><p class=""spinmail-quill-editor__spin-break""><br></p><p class=""spinmail-quill-editor__spin-break"">Kind Regards,</p><p class=""spinmail-quill-editor__spin-break"">Jai Sharma</p><p class=""spinmail-quill-editor__spin-break"">Head of Student Recruitment,</p><p class=""spinmail-quill-editor__spin-break"">Newton School and IU Germany</p><p class=""spinmail-quill-editor__spin-break""><br></p><p class=""spinmail-quill-editor__spin-break""><br></p>",ARCHIVE
2-NmJiZDYxNmEtNWQ0Mi00YTU1LWFkNzYtNDlhZmNlODg1NzQwXzAxMw==,Opportunity To Become A Full Stack Developer,Jai Sharma,,Prince Kumar,https://www.linkedin.com/in/kmprincekumar,2022-05-08 04:44:52 UTC,,"<p class=""spinmail-quill-editor__spin-break"">Hi Prince,</p><p class=""spinmail-quill-editor__spin-break""><br></p><p class=""spinmail-quill-editor__spin-break"">Do you want to kickstart your tech career and boost your skills? Visit our website to explore our <strong>6 months Full Stack Development course</strong> and earn upto <strong>₹40 LPA</strong> as a developer.&nbsp;</p><p class=""spinmail-quill-editor__spin-break""><br></p><p class=""spinmail-quill-editor__spin-break"">Why opt for Newton School’s course?&nbsp;</p><p class=""spinmail-quill-editor__spin-break""><br></p><ul><li>Pay only after you get placed in a guaranteed tech job of minimum <strong>₹5 LPA</strong>. Learn for <strong>₹0 upfront fees.</strong></li><li>Daily live classes and <strong>10+ mock interviews</strong> conducted by software professionals</li><li>World-renowned faculty and industry experts as <strong>personal mentors for 1-1</strong> and group mentorship sessions&nbsp;</li><li>A 100% online course to suit your needs</li></ul><p class=""spinmail-quill-editor__spin-break""><br></p><p class=""spinmail-quill-editor__spin-break"">If you are as excited as we are about engaging in this new journey, get in touch to find out more about our Full Stack Development course.</p><p class=""spinmail-quill-editor__spin-break""><br></p><p class=""spinmail-quill-editor__spin-break"">Kind regards,&nbsp;</p><p class=""spinmail-quill-editor__spin-break"">Jai Sharma</p><p class=""spinmail-quill-editor__spin-break"">Head of Student Recruitment,</p><p class=""spinmail-quill-editor__spin-break"">Newton School</p>",ARCHIVE
2-ZThjN2JkNmEtMzhkYS00Y2ZlLTkyNjAtZGIzOWIyOGNmNGIwXzAxMw==,Sponsored Conversation,LinkedIn Member,,Prince Kumar,https://www.linkedin.com/in/kmprincekumar,2022-04-02 05:33:09 UTC,,"Hi there, %FIRSTNAME%! My name is Diane from the LinkedIn Premium team. We’ve recently seen an increase in job postings that might be a good fit. Would you like to try Premium for free to learn more about these opportunities?",ARCHIVE
2-YTAxZmE1YTgtYmUyYi00ODU2LTllMGUtMmNhZjhhNGQwZjY3XzAxMw==,M.S Computer Science engineering - Online,Jai Sharma,,Prince Kumar,https://www.linkedin.com/in/kmprincekumar,2022-03-25 15:55:41 UTC,,"<p class=""spinmail-quill-editor__spin-break"">Dear Prince,</p><p class=""spinmail-quill-editor__spin-break""><br></p><p class=""spinmail-quill-editor__spin-break"">I’m the Head of Student Recruitment at <strong>Newton School and IU University of Applied Sciences Germany</strong> and I believe that you could benefit from starting the next step in your career with Newton University.</p><p class=""spinmail-quill-editor__spin-break"">Visit our website to explore our Master's Degrees in various domains and earn up to <strong>40 LPA.</strong></p><p class=""spinmail-quill-editor__spin-break""><br></p><p class=""spinmail-quill-editor__spin-break"">Courses you can join:</p><p class=""spinmail-quill-editor__spin-break""><br></p><ul><li><strong>Master's in Data Science</strong></li><li><strong>Master's in Cybersecurity</strong></li><li><strong>Master's in Artificial Intelligence</strong></li><li><strong>Master's in Computer Science</strong></li></ul><p class=""spinmail-quill-editor__spin-break"">So why should you study at Newton University, hear what our students say:</p><p class=""spinmail-quill-editor__spin-break""><br></p><ul><li>""The students were divided in a batch of 5–6 and each batch was assigned a mentor and a doubt assistant. The mentors were from top product-based companies like Microsoft, Amazon, Visa, Adobe, Zomato, Swiggy, Oyo and many more. I started getting referrals even before the course ended!""</li></ul><p class=""spinmail-quill-editor__spin-break"">&nbsp;&nbsp;&nbsp;&nbsp;&nbsp;&nbsp;&nbsp;&nbsp;&nbsp;&nbsp;&nbsp;&nbsp;&nbsp;&nbsp;&nbsp;&nbsp;&nbsp;&nbsp;&nbsp;&nbsp;&nbsp;&nbsp;&nbsp;&nbsp;&nbsp;&nbsp;&nbsp;&nbsp;&nbsp;&nbsp;&nbsp;&nbsp;&nbsp;&nbsp;&nbsp;&nbsp;&nbsp;&nbsp;&nbsp;&nbsp;&nbsp;&nbsp;&nbsp;&nbsp;- Harekrishna Mahto, Zomato</p><p class=""spinmail-quill-editor__spin-break""><br></p><ul><li>""Newton School taught me all that is required to crack interviews at big companies. Within 2.5 months I was confident and resigned from the company I was working with, without having any offer in my hand. Within some time I got my first offer and later I made it to Unacademy with 4x of my previous salary.""</li></ul><p class=""spinmail-quill-editor__spin-break"">&nbsp;&nbsp;&nbsp;&nbsp;&nbsp;&nbsp;&nbsp;&nbsp;&nbsp;&nbsp;&nbsp;&nbsp;&nbsp;&nbsp;&nbsp;&nbsp;&nbsp;&nbsp;&nbsp;&nbsp;&nbsp;&nbsp;&nbsp;&nbsp;&nbsp;&nbsp;&nbsp;&nbsp;&nbsp;&nbsp;&nbsp;&nbsp;&nbsp;&nbsp;&nbsp;&nbsp;&nbsp;&nbsp;&nbsp;&nbsp;&nbsp;&nbsp;&nbsp;&nbsp;- Aalekh Sajonia, Unacademy</p><p class=""spinmail-quill-editor__spin-break""><br></p><p class=""spinmail-quill-editor__spin-break"">If you are as excited as we are about engaging in this new journey, get in touch to find out more about our Master's program.</p><p class=""spinmail-quill-editor__spin-break""><br></p><p class=""spinmail-quill-editor__spin-break"">Kind Regards,</p><p class=""spinmail-quill-editor__spin-break"">Jai Sharma</p><p class=""spinmail-quill-editor__spin-break"">Head of Student Recruitment,</p><p class=""spinmail-quill-editor__spin-break"">Newton School and IU Germany</p><p class=""spinmail-quill-editor__spin-break""><br></p><p class=""spinmail-quill-editor__spin-break""><br></p>",ARCHIVE
2-MzUzOTEwZTQtNjEwZC00MGY2LWE0OWUtNDBjY2RkYjVjZDdhXzAxMA==,M.S Computer Science engineering - Online,Jai Sharma,,Prince Kumar,https://www.linkedin.com/in/kmprincekumar,2022-02-01 12:53:25 UTC,,"<p class=""spinmail-quill-editor__spin-break"">Dear Prince,</p><p class=""spinmail-quill-editor__spin-break""><br></p><p class=""spinmail-quill-editor__spin-break"">I’m the Head of Student Recruitment at <strong>Newton School and IU University of Applied Sciences Germany</strong> and I believe that you could benefit from starting the next step in your career with Newton University.</p><p class=""spinmail-quill-editor__spin-break"">Visit our website to explore our Master's Degrees in various domains and earn up to <strong>40 LPA.</strong></p><p class=""spinmail-quill-editor__spin-break""><br></p><p class=""spinmail-quill-editor__spin-break"">Courses you can join:</p><p class=""spinmail-quill-editor__spin-break""><br></p><ul><li><strong>Master's in Data Science</strong></li><li><strong>Master's in Cybersecurity</strong></li><li><strong>Master's in Artificial Intelligence</strong></li><li><strong>Master's in Computer Science</strong></li></ul><p class=""spinmail-quill-editor__spin-break"">Get world class education from the comfort of your homes with Newton University:</p><p class=""spinmail-quill-editor__spin-break""><br></p><ul><li>Live Lectures and Doubt Sessions with Industry Leaders</li><li>Dual Degree from IU Germany and LSBU</li><li>One on Mentorship with Industry Experts</li><li><strong>100% Placement Assistance</strong></li><li>500+ Hours of Learning</li><li>60/120 ECTS credits&nbsp;</li></ul><p class=""spinmail-quill-editor__spin-break""><br></p><p class=""spinmail-quill-editor__spin-break"">If you are as excited as we are about engaging in this new journey, get in touch to find out more about our Master's program.</p><p class=""spinmail-quill-editor__spin-break""><br></p><p class=""spinmail-quill-editor__spin-break"">Kind Regards,</p><p class=""spinmail-quill-editor__spin-break"">Jai Sharma</p><p class=""spinmail-quill-editor__spin-break"">Head of Student Recruitment,</p><p class=""spinmail-quill-editor__spin-break"">Newton School and IU Germany</p><p class=""spinmail-quill-editor__spin-break""><br></p><p class=""spinmail-quill-editor__spin-break""><br></p>",ARCHIVE
2-MmEzNThhYjQtNGVmYy00YmE4LTg4NzctOTU0OTBjOWZlN2U2XzAxMw==,Sponsored Conversation,LinkedIn Member,,Prince Kumar,https://www.linkedin.com/in/kmprincekumar,2022-01-29 07:20:52 UTC,,"Ok, if you change your mind, we're here for you!",ARCHIVE
2-MmEzNThhYjQtNGVmYy00YmE4LTg4NzctOTU0OTBjOWZlN2U2XzAxMw==,Sponsored Conversation,Prince Kumar,https://www.linkedin.com/in/kmprincekumar,LinkedIn Member,,2022-01-29 07:20:52 UTC,,No thanks,ARCHIVE
2-MmEzNThhYjQtNGVmYy00YmE4LTg4NzctOTU0OTBjOWZlN2U2XzAxMw==,Sponsored Conversation,LinkedIn Member,,Prince Kumar,https://www.linkedin.com/in/kmprincekumar,2022-01-29 07:20:22 UTC,,"Hi %FIRSTNAME%,   Thank you for being part of the LinkedIn community – we’re so glad you’re here. We’d like to offer you a 1-month free trial of LinkedIn Premium to help you uncover new opportunities.",ARCHIVE
